target,model,train_size,n_seeds,RMSE_mean,RMSE_std,RMSE_CI95,MAE_mean,MAE_std,MAE_CI95,Pearson_R_mean,Pearson_R_std,Pearson_R_CI95,R2_mean,R2_std,R2_CI95
gap,gtca_ca,50,10,0.9241986755458355,0.06302524373613867,0.039063450777517855,0.7163639156035722,0.05902444916734559,0.03658373261310565,0.7130622208118439,0.020532637600852544,0.012726260633143817,0.4525266945362091,0.07678189452571947,0.047589911273761144
gap,gtca_ca,75,10,0.8831843940330519,0.02908402751807294,0.018026467015672395,0.6780043582003584,0.030067733876865694,0.01863617453361727,0.730268144607544,0.014090997593681718,0.008733690792397273,0.5016382515430451,0.03317724614723381,0.020563470206191762
gap,gtca_ca,100,10,0.8832609678297533,0.03823457859119498,0.02369803733007806,0.6681514210007407,0.031386012583369684,0.019453252141094106,0.738387280702591,0.018919500269630296,0.011726427756663497,0.5011979758739471,0.043460628534105365,0.02693717664321445
gap,gtca_ca,125,10,0.833717606585702,0.02007351336666372,0.012441692484576439,0.6344188490669513,0.019541907326120225,0.012112199646996271,0.7629877746105194,0.013351097140839067,0.008275095740533808,0.5561024188995362,0.021328875240639755,0.013219773835238738
gap,gtca_ca,150,10,0.8161535724226319,0.04225136865979456,0.026187669607983716,0.6405339257196889,0.041398751931850754,0.02565921228501706,0.7803164005279541,0.009545321766489468,0.0059162517251325685,0.5738050043582916,0.045117217164622136,0.027963940914015387
gap,gtca_ca,175,10,0.8221565030614633,0.03995885221674534,0.024766753195432766,0.6480836996508997,0.03874343712735601,0.02401343111837131,0.8006674647331238,0.012311887099688782,0.007630986683852775,0.5676359176635742,0.04266592701695992,0.026444615539796944
gap,gtca_ca,200,10,0.7954711109062548,0.046906986932950395,0.029073251709240307,0.6324013606137221,0.049277092078653356,0.030542258097923602,0.8195069789886474,0.006767690670211824,0.0041946581353988,0.5948422968387603,0.04791649529153835,0.029698951472343034
gap,gtca_ca,225,10,0.7763652737885228,0.032487532627152725,0.020135981337523933,0.6141867395918492,0.03235379138531416,0.02005308765702732,0.8165913939476013,0.009606977829369947,0.0059544665488237,0.6146686017513275,0.031917640729345324,0.019782758679763063
gap,gtca_ca,250,10,0.7837570088599588,0.031847614894172975,0.019739356217459834,0.6213075323896452,0.03344701200743466,0.020730672818616857,0.8176613926887513,0.010596537766233465,0.006567802152044963,0.607331496477127,0.032532811693573874,0.020164045593646443
gap,gtca_ca,275,10,0.7756412296236322,0.04472850257391779,0.02772301311460768,0.6112042316793623,0.04291087112349607,0.026596433469910426,0.8210781514644623,0.011242887365278112,0.006968413783997627,0.6148428857326508,0.04533689192518716,0.02810009674123156
gap,gtca_ca,300,10,0.7779572845930669,0.028567166932919573,0.01770611350602939,0.6114279512902951,0.030305856246038747,0.018783764307108045,0.8139074742794037,0.012998957642235447,0.008056837418073172,0.6132266342639923,0.028310716022665196,0.017547163585081647
gap,gtca_ca,325,10,0.7514364259992284,0.045259266739025854,0.028051984152386952,0.5941112469168726,0.045635123214853725,0.028284942409627208,0.8444925427436829,0.007514934074118739,0.004657804395483871,0.6384083271026612,0.04309780104855404,0.026712293837811863
gap,gtca_ca,350,10,0.7483377648911916,0.042463024158315966,0.026318855045090427,0.5913938132877614,0.040990611650258406,0.02540624431765697,0.8495102763175965,0.009697952706054065,0.006010853361577953,0.6415155529975891,0.04190667386122283,0.025974025558408192
gap,gtca_ca,375,10,0.7257530688295663,0.03933201689538062,0.02437823663809497,0.5651517259201922,0.037236860227528604,0.023079645081535927,0.8465458810329437,0.01890271107196771,0.011716021704142189,0.6629125714302063,0.03673550618791781,0.02276890262839383
gap,gtca_ca,400,10,0.7487702558344818,0.03762102922134325,0.023317755490802332,0.5883488059747473,0.037633262664390155,0.023325337857358547,0.8474711775779724,0.015130021806560413,0.009377684671522299,0.641325032711029,0.03550631728625948,0.022007043454040986
gap,gtca_ca,425,10,0.7346912497086602,0.04524419535252874,0.028042642810256747,0.578206929300226,0.04315753785818992,0.02674931909601771,0.8574797570705414,0.006424935233952434,0.003982216115037871,0.6542932450771332,0.04287842114812626,0.026576320766802167
gap,gtca_ca,450,10,0.7785563108713143,0.051799112284281565,0.03210542241625486,0.613246981473444,0.051100653729596164,0.03167251331898398,0.8439215421676636,0.0219129618372853,0.01358179445848923,0.6115589380264282,0.05204806190480035,0.03225972298965576
gap,gtca_ca,475,10,0.7316183436021839,0.023083673365598786,0.014307408981336747,0.5732152166369958,0.024400277066203267,0.015123448409401193,0.8530105412006378,0.00922854112208337,0.005719909047556655,0.6580391347408294,0.02154685196389413,0.013354877208026006
gap,gtca_ca,500,10,0.7772591017281526,0.04043261850444645,0.025060396582789444,0.6184953436668507,0.03964765148156334,0.02457386898142474,0.8528022706508637,0.0047278471321868624,0.002930350011893908,0.6134494066238403,0.03993800533717612,0.02475383216560976
gap,gtca_ca,600,3,0.7401634671408226,0.0277530897129508,0.03140557748056731,0.5913119631868995,0.030180690627830506,0.034152666522281244,0.8689883947372437,0.0067803098565125675,0.007672642892859343,0.6499899625778198,0.026469290189054587,0.029952821559181612
gap,gtca_ca,700,3,0.7319602217354416,0.0761160537955984,0.08613342333113991,0.5748317765633372,0.0683460187529045,0.0773408009570561,0.8810423612594604,0.005574364340578943,0.006307987075084834,0.6555605133374532,0.07314661753575882,0.08277318987617867
gap,gtca_ca,800,3,0.735833798694098,0.022690668370150647,0.025676908443534048,0.5912058965261553,0.019824929908078458,0.02243402009342534,0.8845868706703186,0.005042089114108458,0.0057056609543248565,0.654177705446879,0.021496573571924457,0.024325662975274154
gap,gtca_ca,900,3,0.703546446201755,0.07342922383668152,0.08309298901104697,0.5656067366358248,0.07666338705364337,0.08675278921872255,0.8999374111493429,0.0027290503040252045,0.0030882111382155245,0.681766152381897,0.0642217428378857,0.07267374340994925
gap,gtca_ca,1000,3,0.719708585177576,0.09222191643974222,0.10435892263206994,0.584211795154045,0.08901693506617595,0.10073214478886856,0.902318000793457,0.005043418470898181,0.0057071652631456304,0.665759007136027,0.0867807709061109,0.09820168682852769
gap,gtca_ca,1500,3,0.6795673827505783,0.09755284179129352,0.11039143255809591,0.5445707674108078,0.08995804005266468,0.1017971053347471,0.9100896716117859,0.011952459458749533,0.013525481144534779,0.7011803785959879,0.08809962690856626,0.099694112889886
gap,gtca_ca,2000,3,0.5981885943866304,0.016053523680933407,0.01816627218851271,0.4603665110152899,0.013456097460361945,0.015227007722324345,0.9167839884757996,0.003835987442812989,0.004340828430123562,0.7714911500612894,0.012164904478205634,0.013765885315309888
gap,gtca_ca,2500,3,0.6146484267525585,0.0547931019787906,0.06200423186729116,0.48805220934833377,0.05721062106293446,0.06473991224353413,0.9300677180290222,0.0029645143569096855,0.003354663797477502,0.7575809756914774,0.04409901959253419,0.04990273843218646
gap,gtca_ca,3000,3,0.6410838488392864,0.03253545052786506,0.036817328196118534,0.5105665860605085,0.03700837087665328,0.04187891406029434,0.9238497813542684,0.004368771618297129,0.004943730480909615,0.7372195720672607,0.026886312945249343,0.030424727232254208
gap,gtca_cat,50,10,0.9556025289682598,0.04236696206372759,0.026259315142012084,0.7380861621225265,0.0345748860906414,0.021429736417911145,0.7077138423919678,0.014847387962911148,0.009202506400325498,0.41609721779823305,0.05274402423100937,0.032691084908487725
gap,gtca_cat,75,10,0.9396105440506595,0.04675391645181684,0.028978377642108012,0.7199100624280192,0.0447351263524975,0.02772711857510527,0.7261400759220124,0.018246266645204116,0.011309153233146466,0.4352181613445282,0.05649917071508408,0.035018548812588576
gap,gtca_cat,100,10,0.9514463672091859,0.056234562072331476,0.03485454267665443,0.7220425988188002,0.048434747579256705,0.030020167568172485,0.7170741498470307,0.021832823960150488,0.013532124487644272,0.4203708589076996,0.06950727579682979,0.04308105587240952
gap,gtca_cat,125,10,0.8896273436081443,0.045811830681625205,0.028394466832240266,0.6771590695850094,0.03928321787531452,0.024347990692100314,0.7495678126811981,0.013889336806183799,0.008608700141362892,0.49362787008285525,0.052572651502746655,0.03258486699105885
gap,gtca_cat,150,10,0.8186354296887787,0.025362672401418297,0.01571994721808614,0.6367723110373419,0.01954391435558557,0.012113443616746817,0.7727971613407135,0.018580818799450564,0.011516510806639277,0.5718712568283081,0.027106720770800532,0.016800919596649245
gap,gtca_cat,175,10,0.8097359503336026,0.02705888657312594,0.01677127165376835,0.6341126084113833,0.028533743050126584,0.017685397168846408,0.7942718446254731,0.009104156382930752,0.00564281458750657,0.581070077419281,0.028043482238562643,0.017381530369681736
gap,gtca_cat,200,10,0.8021046002439285,0.0575209222567814,0.03565183697920078,0.6347597448218503,0.049813626496547934,0.030874805575433015,0.809640085697174,0.030604749480671746,0.0189690202532445,0.5874412894248963,0.060137579966716544,0.03727365823040609
gap,gtca_cat,225,10,0.7780373983768091,0.03646125686565757,0.022598921137394257,0.6132491021175575,0.03194317154772804,0.01979858284494009,0.8124423265457154,0.016930328953033372,0.010493526601385951,0.6128521680831909,0.03649325056182898,0.02261875103572539
gap,gtca_cat,250,10,0.7878108580681429,0.032204625624162105,0.0199606337604133,0.6225236211659133,0.028201264741940776,0.017479324978458964,0.8155428647994996,0.014320922267363156,0.008876199581581718,0.60325186252594,0.032073388647675546,0.019879292239662727
gap,gtca_cat,275,10,0.7696886587153464,0.028769167710490737,0.01783131488509438,0.6000131454609603,0.03015761419425566,0.01869188293149241,0.8167471826076508,0.0044293054065452295,0.0027453119332874762,0.6213881373405457,0.028902327061697382,0.017913847906040784
gap,gtca_cat,300,10,0.7887091356660798,0.029189246633339327,0.018091682498967792,0.6199560352007162,0.032297165865057306,0.0200179907959574,0.8078705787658691,0.018077431874834893,0.011204508358317208,0.6024542689323426,0.029074107337251853,0.018020318423898105
gap,gtca_cat,325,10,0.7375294443751202,0.029899548449898807,0.01853193212599847,0.578965810514604,0.03154479217456727,0.019551664751304525,0.8449108242988587,0.009926782238873959,0.006152683375424084,0.6522885918617248,0.0281841619794349,0.017468724576434263
gap,gtca_cat,350,10,0.7563948726904616,0.04080961990767336,0.025294064473383653,0.5947001701620732,0.04377623400613026,0.02713279094140225,0.839909952878952,0.015175822880851042,0.009406072471474328,0.6338561415672302,0.04012599505054084,0.024870349397109043
gap,gtca_cat,375,10,0.7447330133098224,0.03950181456339875,0.02448347832307016,0.5915085851082473,0.040278906921541395,0.024965125156662403,0.852180564403534,0.00729868597417867,0.004523772434526981,0.6450903713703156,0.0368451045529326,0.02283683239880417
gap,gtca_cat,400,10,0.7284882858834778,0.019115936812319996,0.011848180387218812,0.5683944699316718,0.017094035575700283,0.010594993017339462,0.8490025401115417,0.009517447344487107,0.005898974979382887,0.6610524535179139,0.017884681126625508,0.011085040206848727
gap,gtca_cat,425,10,0.7188986540057374,0.030568155955321717,0.018946339351251146,0.561906421539142,0.030889144484071106,0.01914529010256351,0.8530735492706298,0.01111037147738441,0.006886279585744516,0.669584995508194,0.028101269956998385,0.01741734756864586
gap,gtca_cat,450,10,0.7454390290432675,0.039220125384452166,0.024308885561122148,0.5886577556942011,0.03994104016066467,0.024755713168695757,0.8533181369304657,0.007219065142280852,0.004474422931640061,0.6444315671920776,0.03775161212240979,0.023398691611407497
gap,gtca_cat,475,10,0.7366692873503771,0.041165703612057535,0.025514767439914373,0.5728339281399875,0.037547140097239154,0.02327195853721151,0.8464357614517212,0.013641650628007856,0.008455182657639152,0.6526380598545074,0.03981994305148538,0.024680656402814305
gap,gtca_cat,500,10,0.7462202764272922,0.029783120427291216,0.018459769289956195,0.5890736071370906,0.03300911207670745,0.020459259629624582,0.8515010118484497,0.0039658290385363735,0.002458046304231681,0.6440618216991425,0.02839158517774166,0.017597286806690666
gap,gtca_cat,600,3,0.7033104289591552,0.004932818231274185,0.005582009310031702,0.5524928823795546,0.00866812713991783,0.009808909253698862,0.8808082143465678,0.005469967640876041,0.006189851088239915,0.6842621564865112,0.004437325578698482,0.0050213065899934175
gap,gtca_cat,700,3,0.7154275919183826,0.04308790740909603,0.04875855728526016,0.5679075825787848,0.04127126360045219,0.04670283129305347,0.8797868887583414,0.010376940519847336,0.011742613628897246,0.6725095510482788,0.03970040941946369,0.0449252424479208
gap,gtca_cat,800,3,0.6649468977004521,0.04767370008926266,0.05394787021641051,0.5190394786015424,0.05090708401245459,0.057606788570169126,0.8875456849733988,0.004640920536912987,0.005251695973697776,0.7168099880218506,0.04128907372004524,0.04672298534064251
gap,gtca_cat,900,3,0.6864583529163113,0.0189554390980776,0.02145009861713001,0.5422903673080284,0.01778114689446555,0.02012126189419913,0.8959879080454508,0.008555061567405238,0.009680963513795462,0.6990686456362406,0.0167154644851201,0.01891532872342289
gap,gtca_cat,1000,3,0.6730254568546606,0.07235092829086913,0.0818727827327111,0.5297699378288112,0.06846433762171633,0.07747469136134319,0.8850311438242594,0.029906692781983057,0.033842608771368736,0.7086503903071085,0.060840923395569034,0.06884798606034727
gap,gtca_cat,1500,3,0.6142823742934308,0.018032449891183203,0.0204056380056932,0.48069068353997974,0.0172243449229651,0.019491181148662173,0.9179474711418152,0.0011047563945353403,0.0012501495474769207,0.7590073148409525,0.014229700638250908,0.016102422128204626
gap,gtca_cat,2000,3,0.5853190915725417,0.020981102313328774,0.023742352334251076,0.4510093222040463,0.019243135250675055,0.021775657461378054,0.9222360849380493,0.002029865198455899,0.002297008708744446,0.7811354200045267,0.01565040945056118,0.017710105494050346
gap,gtca_cat,2500,3,0.5535775430601381,0.019296796059743118,0.021836380383196397,0.4248691804363661,0.0199069425394825,0.02252682612246876,0.9297031760215759,0.0027023205661450994,0.0030579635923490486,0.8042386571566263,0.013611749634625797,0.015403144738758269
gap,gtca_cat,3000,3,0.6154734560434126,0.11452286375507585,0.12959482018602536,0.47930401469557204,0.11195535290478947,0.1266894081481275,0.920669158299764,0.015439665002429175,0.01747162570088625,0.7526297569274902,0.08973477971264693,0.1015444624766262
homo,gtca_ca,50,10,0.6177102340532314,0.07316889527157552,0.04535055113555459,0.45289033546718305,0.05386608317948002,0.03338654424993131,0.1739085242152214,0.11525726468311513,0.07143719276278766,-0.5419512689113617,0.3334892705805808,0.20669879137151245
homo,gtca_ca,75,10,0.5505757480520319,0.08508707857000175,0.05273751767525801,0.4043063301956771,0.0669475853228434,0.04149454327985425,0.3416768565773964,0.18460923911997112,0.11442199185503436,-0.23572427034378052,0.3919963297788346,0.24296184235941065
homo,gtca_ca,100,10,0.5059039800100559,0.021840762419791965,0.013537044795906027,0.3708982456208324,0.018800047421473454,0.011652390114322203,0.45783808529376985,0.028241347799245232,0.01750416871476533,-0.023093438148498513,0.08785914451384703,0.054455661947778164
homo,gtca_ca,125,10,0.5592439806339379,0.06306551211978341,0.039088409380279965,0.40869922691163796,0.03959265291788538,0.024539780518489752,0.32654945403337476,0.15391758710646383,0.09539910885390307,-0.2623978316783905,0.2804504915391281,0.17382501553877547
homo,gtca_ca,150,10,0.56311127972433,0.052239956104395996,0.032378660246793214,0.40094262073743975,0.03300622118516499,0.020457467836483015,0.23527781069278716,0.12901995993461665,0.07996739965534329,-0.27523629665374755,0.22095961082105073,0.13695218565538597
homo,gtca_ca,175,10,0.5529056434710966,0.0415848523451675,0.025774558516214668,0.3972906773664674,0.022796174140328338,0.014129215115368608,0.264939121901989,0.1303702790130524,0.08080433609108724,-0.22619252800941467,0.17515250157164242,0.1085606451971519
homo,gtca_ca,200,10,0.5789648183383027,0.04594163166424363,0.028474918314770285,0.41156149509593454,0.03110687967352812,0.01928024377115219,0.2013662122189998,0.11868473483898503,0.0735615607745287,-0.3452709197998047,0.19284908093244543,0.11952909872166849
homo,gtca_ca,225,10,0.577005373258258,0.05684313072095919,0.03523173743293235,0.4142249036699803,0.03680194477491379,0.022810081691242216,0.22801364064216614,0.1319063001242248,0.08175637183918712,-0.3402562439441681,0.2441317353776616,0.15131441725289188
homo,gtca_ca,250,10,0.5558496392831227,0.07629399704884107,0.047287509284610466,0.4050695858243978,0.05269327688329482,0.03265963137650558,0.3278639942407608,0.15934309175439973,0.09876187147399132,-0.25391414761543274,0.3379575126678048,0.20946823650951238
homo,gtca_ca,275,10,0.5475023901949696,0.0709018169929541,0.043945401460664446,0.39927081014369264,0.048822185513972195,0.030260304088000383,0.35032339096069337,0.13626498642712753,0.08445791359856396,-0.21430910229682923,0.31094875156849083,0.19272803294628804
homo,gtca_ca,300,10,0.5591821842901352,0.05893635856696976,0.03652913349332834,0.40381528798806693,0.03607816076320137,0.02236147571308127,0.29562302082777026,0.14110598916841066,0.08745839818359237,-0.2603126108646393,0.25377811789558835,0.15729330708071607
homo,gtca_ca,325,10,0.5065525583903024,0.05009990924653148,0.031052245462206862,0.3683629314930372,0.031319145999233605,0.019411807802869947,0.42000969499349594,0.13853916048470383,0.08586746128281512,-0.03301579952239993,0.20999894253192702,0.13015869306702846
homo,gtca_ca,350,10,0.525075787560236,0.05190061148817979,0.03216833227459726,0.3793710547529001,0.03137137809293553,0.019444181589949202,0.3545050874352455,0.13746992528103533,0.08520474243760193,-0.10993441343307497,0.2175800927095567,0.134857538628668
homo,gtca_ca,375,10,0.5052470308983447,0.04002881309737106,0.024810115398490897,0.36798818901368807,0.025349713977536957,0.01571191550375335,0.381890569627285,0.12071316639383943,0.07481879567758365,-0.02448420524597169,0.1640146428703389,0.10165732885351605
homo,gtca_ca,400,10,0.4819842483242986,0.03563970520002335,0.022089718139528054,0.350916334313034,0.02379256765254366,0.01474678621247399,0.4728658154606819,0.11652063727490011,0.07222023920778792,0.06835858225822447,0.14303174166353608,0.0886519919460847
homo,gtca_ca,425,10,0.4722962468984998,0.026109049663689203,0.016182556638023374,0.3454293660890961,0.020933903369005913,0.012974967732930472,0.5090728998184204,0.06337313048276116,0.03927907321699199,0.10736667513847349,0.1009643741826319,0.06257836745032112
homo,gtca_ca,450,10,0.4801161126291198,0.01756917617171225,0.01088948820981218,0.3538445715319567,0.013620851363200258,0.00844229113975115,0.4755617529153824,0.06539994371582376,0.0405353050738085,0.0789846062660217,0.06836485571827136,0.042372976571790705
homo,gtca_ca,475,10,0.481683517592593,0.021994810018279225,0.013632524486648603,0.35372952838416183,0.019065765819123465,0.01181708408346794,0.500304201245308,0.08909056475680947,0.05521890412179962,0.07233967185020447,0.08582634873765965,0.053195722072316654
homo,gtca_ca,500,10,0.4812821142474966,0.022079199564182368,0.013684829669097811,0.3519967203460305,0.018001187586849234,0.011157251659029161,0.5007640063762665,0.059469494683370684,0.03685957468175016,0.07386874556541438,0.08763287054376433,0.054315415888126814
homo,gtca_ca,600,3,0.4591104106761062,0.012477385869083035,0.014119491296983928,0.333254131553252,0.010815884749804805,0.012239325784774593,0.5532491405804952,0.008031572199417452,0.009088579527845178,0.15841245651245114,0.0456551564169861,0.05166367302059313
homo,gtca_ca,700,3,0.46174378835421637,0.017670604268489053,0.01999617113706479,0.3354230586638425,0.013998231332511456,0.015840489950888118,0.5519430041313171,0.01148071832529446,0.012991655798574092,0.14831852912902826,0.06582699270424458,0.07449025463716871
homo,gtca_ca,800,3,0.4719449802124504,0.012914322576893985,0.014613931727695949,0.34328234603489766,0.008157593775249914,0.0092311863656771,0.5263894697030386,0.07154011503137299,0.08095526115559118,0.11069504419962563,0.048391238331513806,0.05475984117515291
homo,gtca_ca,900,3,0.44286083229249806,0.010013821165927035,0.0113317053976989,0.3207886928336447,0.008421680660564361,0.009530028808955562,0.6099293033281962,0.022878603611736735,0.02588957718968114,0.21705041329065958,0.03533369365010308,0.03998383837908754
homo,gtca_ca,1000,3,0.42824174645040747,0.024111756458521483,0.027285021000645667,0.3076228066096304,0.01900374888706556,0.02150476628969633,0.5853604376316071,0.11609276711265042,0.13137133307317622,0.2665912310282389,0.08375184609990616,0.0947741357461815
homo,gtca_ca,1500,3,0.4186946240931389,0.01809538210562773,0.02047685251035568,0.30121551124766416,0.016017700156316483,0.01812573405421414,0.6485390067100525,0.03225195252681078,0.036496520007560665,0.2995349367459615,0.0598425973115095,0.06771827374694052
homo,gtca_ca,2000,3,0.41141360272954147,0.013205657967057182,0.014943608756928918,0.29782660193410265,0.014726850821695553,0.01666500052099392,0.6578938961029053,0.0426278231895689,0.04823792297919213,0.32406218846638996,0.042961828992643586,0.04861588612621163
homo,gtca_ca,2500,3,0.40537316109945865,0.009101323568879785,0.010299117160450273,0.29517312392351563,0.00855590631860814,0.009681919439770875,0.7042673230171204,0.013746761239769907,0.015555924752442671,0.34399495522181195,0.029398791742728858,0.033267864639967934
homo,gtca_ca,3000,3,0.4077828390059843,0.017122797558431064,0.019376269488093695,0.2960655727638826,0.015069525999781492,0.01705277398936646,0.7028624216715494,0.014876105403592436,0.016833897980144386,0.3356158137321472,0.05639078691689418,0.06381218257231601
homo,gtca_cat,50,10,0.5448765426735107,0.07835174737747176,0.04856291615191933,0.3949884317901087,0.057207400469347545,0.03545751416210266,0.300391498953104,0.15429230089355486,0.09563135886532657,-0.2068556785583496,0.3494260718201646,0.21657652311627046
homo,gtca_cat,75,10,0.5059154347355042,0.012359503156603092,0.00766049942168968,0.36701349557769386,0.010006483395392693,0.006202082664026844,0.43208187222480776,0.0259985900685908,0.016114093071676917,-0.021975040435790988,0.05020254005844254,0.03111585669846212
homo,gtca_cat,100,10,0.5287172619171091,0.033582154808423956,0.020814435194475057,0.3926517148150871,0.03258806773705722,0.02019829364421819,0.4712981641292572,0.02964486668477731,0.018374078732564463,-0.11962404251098631,0.14596508024971028,0.09047009403791534
homo,gtca_cat,125,10,0.47803858910851577,0.01787225766556505,0.011077340065907527,0.3464541687527731,0.010377278877916129,0.006431904085118387,0.4567644000053406,0.0655869479167755,0.04065121147838585,0.08688986897468563,0.06943499926372164,0.04303625841307306
homo,gtca_cat,150,10,0.4740852227622309,0.03093434066599398,0.019173302986341755,0.34699541217387114,0.019688993562357097,0.012203364640714413,0.4305595323443413,0.09175016337566576,0.0568673404240947,0.09962159991264338,0.1249783495092537,0.07746238356093442
homo,gtca_cat,175,10,0.5004064042296699,0.04634142591126423,0.02872271335630964,0.35728739198657755,0.027520205139865268,0.017057199863741202,0.3204657271504402,0.1606763891340234,0.09958825775150854,-0.00701557993888856,0.18634113593378673,0.11549543262142735
homo,gtca_cat,200,10,0.47857026953578063,0.03226960902176686,0.02000091088753266,0.34537977637971307,0.02074561960568487,0.012858268247380048,0.41999456733465196,0.11685589903083071,0.07242803659696119,0.08226740956306453,0.12846723460439355,0.07962481694640444
homo,gtca_cat,225,10,0.4844008543985673,0.04927768329219873,0.030542624535875442,0.3497276082784184,0.03223774811038386,0.01998116329006604,0.4154589012265205,0.13891979821662592,0.0861033829932849,0.0548792243003845,0.20217494018140164,0.12530932616917886
homo,gtca_cat,250,10,0.4948611939880549,0.04445276333202778,0.027552108161854213,0.3599088909066706,0.028960859096828714,0.017950126437272382,0.4361565589904785,0.12337590518112833,0.07646917827643752,0.015624946355819694,0.18461905445264395,0.11442807546125308
homo,gtca_cat,275,10,0.4710673177898127,0.018644215817861815,0.01155580468574774,0.34437350676554734,0.014715688557083403,0.009120878262899819,0.47676153779029845,0.029351665331048,0.018192350650761916,0.11319317221641537,0.0708312314740078,0.04390165210276417
homo,gtca_cat,300,10,0.4711851055751497,0.012776907068819052,0.00791920904679569,0.3442692273933953,0.01192497580139852,0.007391176576662967,0.49425160586833955,0.0322405144988827,0.01998287791542169,0.11341242790222164,0.047970594779849794,0.02973248268259254
homo,gtca_cat,325,10,0.4847772459999189,0.04036398095639322,0.02501785458975738,0.3511931341690298,0.027838641627667388,0.017254568843686792,0.43949854373931885,0.11625556213296792,0.07205594393266668,0.05629332065582271,0.16292867817523765,0.10098424096208622
homo,gtca_cat,350,10,0.471704933317669,0.010054896696584756,0.006232089538986518,0.34352246096584904,0.010091018951847013,0.006254478344753262,0.505367460846901,0.02857596306776189,0.017711565406888098,0.11167964935302732,0.03798225622970014,0.023541646310162513
homo,gtca_cat,375,10,0.47073859581411354,0.019059603207218827,0.011813264457036891,0.3426687892888656,0.015253074960894142,0.009453953806751007,0.46964230537414553,0.07444872504321236,0.04614379784630505,0.11437234282493587,0.07244434307447317,0.04490146903115615
homo,gtca_cat,400,10,0.46374410438755925,0.012864708180929742,0.007973628739887344,0.33790562420102127,0.012238002652301223,0.007585192628920892,0.5164609014987945,0.04258769073978985,0.026396124192821054,0.14116702675819393,0.047592086886315305,0.029497881059631924
homo,gtca_cat,425,10,0.465615494832331,0.008618860014046374,0.005342024781793325,0.33835849890353686,0.009992772499145958,0.006193584562490064,0.5053713381290436,0.03657109713792037,0.022667000843470297,0.13455391526222224,0.031906269221652336,0.019775710546274028
homo,gtca_cat,450,10,0.46530219954077967,0.01572052053154009,0.009743679573089083,0.3394419545696196,0.015504773091375067,0.009609957924275698,0.5310024708509445,0.02469852159109717,0.015308302281075738,0.1350970387458801,0.058271688502314054,0.03611716671914703
homo,gtca_cat,475,10,0.4696080517219737,0.007227688729645979,0.00447976788646441,0.3436736315840851,0.007067814753405568,0.004380676969376971,0.5158715039491654,0.04637515942646907,0.028743621605649753,0.11973211169242855,0.026996935500552974,0.016732873981175442
homo,gtca_cat,500,10,0.4768777695269445,0.014861802565631025,0.009211440663653106,0.349414103932505,0.013751211977839696,0.00852308948580141,0.5336461424827575,0.019890557293580698,0.012328295135646735,0.09166753888130186,0.05743693683905506,0.03559978227799062
homo,gtca_cat,600,3,0.46230398721597227,0.012183402610367591,0.013786817922412981,0.3382260359871845,0.011456894671076063,0.012964696795948989,0.5661317308743795,0.016022591030861,0.018131268599774448,0.14668869972228996,0.045279906822833796,0.05123903813036676
homo,gtca_cat,700,3,0.4693494216846858,0.008690575581571458,0.009834312056808816,0.34012283030716484,0.007356295369225557,0.008324431858855114,0.5355264544487,0.049597800831310664,0.05612519517589448,0.12068782250086463,0.03272009461832829,0.03702627265417165
homo,gtca_cat,800,3,0.4740991821776907,0.0032804308772160225,0.0037121569940365157,0.3492161644202444,0.007444962378468107,0.008424768025297787,0.5732450485229492,0.017316578257130764,0.019595552991667427,0.10297721624374385,0.0124272322484897,0.01406273713253715
homo,gtca_cat,900,3,0.4618709025491325,0.011391572751200575,0.01289077808502176,0.3425135655023818,0.010493986647287927,0.011875063790740685,0.6125289003054301,0.009565499579502016,0.010824381764031131,0.14833547671635944,0.04169505459461016,0.047182395948385664
homo,gtca_cat,1000,3,0.4438390658140076,0.01756344462856489,0.01987490858903009,0.31995139281307183,0.009716752521041058,0.010995540579997179,0.570134162902832,0.10537369655986033,0.11924156286570894,0.21303504705429077,0.062181861370529085,0.07036540022593443
homo,gtca_cat,1500,3,0.4401966898570024,0.01207453581403998,0.013663623545048487,0.32368700681107326,0.008212475833228974,0.009293291260734965,0.6485481262207031,0.025948555983279647,0.02936355533277601,0.22631784280141187,0.04271160975438868,0.04833273640286836
homo,gtca_cat,2000,3,0.4202182084285783,0.018881233890687476,0.021366127520064566,0.30471627829379105,0.015892213221811023,0.01798373221999779,0.6737306515375773,0.021586886357945544,0.02442786151346241,0.2943569223086039,0.06313721238461417,0.07144648166963355
homo,gtca_cat,2500,3,0.42748845762217313,0.014431788333263898,0.01633110588303132,0.3166189781519349,0.015469962050832488,0.017505910038626806,0.6943022807439169,0.01324467255472604,0.014987757919007074,0.2701562245686849,0.049318424535473776,0.0558090511358655
homo,gtca_cat,3000,3,0.42643489886852654,0.03298545229561527,0.03732655313394147,0.307473017416085,0.02602286352153205,0.029447642228113184,0.6480307579040527,0.09251238418505876,0.10468761782873079,0.2714060346285502,0.11042499427935518,0.12495764433799925
lumo,gtca_ca,50,10,0.9827112179794115,0.05271421320902465,0.0326726078456333,0.7234711617779318,0.040024894053581686,0.024807686349984526,0.7122539639472961,0.012250113580432483,0.0075926990599456765,0.3704051673412323,0.06690854495570994,0.0414703458096114
lumo,gtca_ca,75,10,0.9849871926017928,0.04736105165667401,0.02935468394073224,0.7194649930572143,0.03779553229514477,0.02342591361649733,0.7272454261779785,0.010709493509220598,0.0066378128468816055,0.36780649423599243,0.06078846390711666,0.037677080276247665
lumo,gtca_ca,100,10,1.0216003797043134,0.032988858496553704,0.02044670633058909,0.7441268321323353,0.028506537525527134,0.017668535010002304,0.7264774382114411,0.01738432579785812,0.01077491676110049,0.3207094371318817,0.04365684570611689,0.02705879330641477
lumo,gtca_ca,125,10,0.8312002338810518,0.05107948826481255,0.03165939482799933,0.610101233814311,0.03540206498589024,0.02194242720882714,0.7796145975589752,0.014096106933798468,0.008736857594210716,0.5492133796215057,0.05725403672370131,0.03548641961202084
lumo,gtca_ca,150,10,0.7697115784730013,0.019492283045939546,0.012081442199483284,0.584822302347926,0.014428623208080242,0.008942953316228235,0.7951732337474823,0.00942834335102307,0.005843747752062117,0.6145280718803405,0.019689303544101998,0.012203556769390417
lumo,gtca_ca,175,10,0.7626562153820406,0.0521267497537337,0.03230849422371025,0.5815030408093366,0.04357911133606406,0.027010613044693085,0.8124896824359894,0.010456739120481548,0.006481154053705879,0.6201904833316803,0.05444673952506265,0.03374643878154602
lumo,gtca_ca,200,10,0.7064521675117778,0.030909305593021543,0.019157786087353395,0.5330696941660936,0.025625135310023396,0.015882623414217065,0.827965384721756,0.013176283514868421,0.008166745132610207,0.6749132812023163,0.028860709873592783,0.017888053305613234
lumo,gtca_ca,225,10,0.7112813214704815,0.03236760721575889,0.02006165079745384,0.534227356709692,0.029739238012417655,0.018432570687431333,0.8267667591571808,0.010913975093137416,0.006764551845649861,0.6704073131084443,0.0313011890139137,0.01940067794805981
lumo,gtca_ca,250,10,0.7038825332265916,0.024894805120322883,0.015429960072903518,0.5240655461825976,0.02275684051766033,0.01410483588346233,0.8320065557956695,0.009917693029616885,0.006147049825161165,0.6774662673473358,0.02297540846236017,0.01424030569909796
lumo,gtca_ca,275,10,0.7053043406724239,0.02944670984414821,0.018251259850299597,0.526202376336687,0.02591352335987762,0.01606136817936972,0.8335578262805938,0.010761744548709696,0.006670198376681408,0.6760186553001404,0.027298452023940923,0.016919755858527386
lumo,gtca_ca,300,10,0.7198404460391168,0.02037596710332808,0.012629155252735318,0.5352128427624112,0.01670461732537146,0.010353629085178031,0.8270420074462891,0.00930859909458926,0.005769529492999512,0.662812340259552,0.019214498183461107,0.011909269357953374
lumo,gtca_ca,325,10,0.6646254454334148,0.032984366518325994,0.020443922173638798,0.49762345229103605,0.027069819931624127,0.01677804821957292,0.8574615240097045,0.012792269804302795,0.007928730968898678,0.7121265232563019,0.02884369650281707,0.017877508309156905
lumo,gtca_ca,350,10,0.6756249527343091,0.041146081541402056,0.025502605554521076,0.5050095156657398,0.03319039763683403,0.020571621583896867,0.8548155605793,0.015197648917917682,0.009419600389401792,0.7021862685680389,0.036274025731531226,0.022482874078178054
lumo,gtca_ca,375,10,0.6452639799644467,0.03537818387534412,0.021927625543160655,0.47985683602679785,0.02810229910966796,0.017417985444079055,0.8671921968460083,0.008195757380348086,0.005079783052518835,0.7285221934318542,0.030366793670707284,0.018821533714220757
lumo,gtca_ca,400,10,0.6521900832652242,0.04402182316878281,0.02728500868143883,0.4911418226428781,0.03915537317631851,0.024268751726721532,0.866822075843811,0.010580690300266916,0.006557979790876089,0.722277146577835,0.03837825357988819,0.02378708801066368
lumo,gtca_ca,425,10,0.6477548594618091,0.05085715636845366,0.0315215920909556,0.4758290002010202,0.03982893219411479,0.02468622793113883,0.8666157305240632,0.016948488610271442,0.010504782073552403,0.725646686553955,0.0427281122849042,0.026483158368184854
lumo,gtca_ca,450,10,0.6690242482365445,0.06781824031802848,0.04203418083668786,0.49750988007734986,0.059882901755037674,0.03711580703941864,0.8645385086536408,0.018492377928655327,0.011461694587006799,0.7062568545341492,0.06383467891830083,0.03956514390112337
lumo,gtca_ca,475,10,0.6282222130281635,0.026232171407070612,0.016258868285184275,0.46165160275655526,0.023754062271591478,0.014722920330101648,0.8748437404632569,0.010871052599561016,0.006737948208509009,0.7429641783237457,0.021164904626365246,0.013118143795591643
lumo,gtca_ca,500,10,0.6029129095443932,0.025906329491002963,0.016056909373246546,0.44190249631422146,0.021239119838493564,0.013164142860633818,0.8818077206611633,0.006451107962664977,0.0039984381403592815,0.7632356524467468,0.0206890091765867,0.01282318073990719
lumo,gtca_ca,600,3,0.635292715322341,0.11209846313814405,0.12685135262235958,0.47040510987958345,0.0960253849990523,0.108662952481351,0.8770524859428406,0.03859336019920403,0.04367249832388756,0.7321102420488993,0.09710738409695764,0.1098873497234106
lumo,gtca_ca,700,3,0.5392975485143915,0.05500326368553736,0.0622420522264998,0.39227459860947705,0.03644890151833977,0.04124581488242807,0.9137664834658304,0.006260229255079355,0.007084116289393319,0.8095661004384359,0.03865504691433947,0.043742303413401754
lumo,gtca_ca,800,3,0.5162534354896481,0.028945099284206785,0.032754463292376176,0.3788711343225975,0.025573356183517873,0.028938976790207,0.9166266918182373,0.0033937408137659003,0.003840379257879622,0.8263314167658488,0.01952794036707467,0.022097944790193058
lumo,gtca_ca,900,3,0.5150981640776261,0.05090796514050803,0.05760778566042605,0.3881817526987721,0.03965462673169862,0.044873434459594234,0.9169266223907471,0.01218491713474795,0.013788531768088025,0.8263459205627441,0.0344994161899861,0.03903976455937988
lumo,gtca_ca,1000,3,0.4607801441117715,0.051597411990413414,0.05838796821622028,0.3396592084882067,0.04163095808666663,0.047109863921599646,0.9403495192527771,0.003598352278351523,0.004071918926828896,0.8607840339342753,0.03179331679195538,0.03597752481620231
lumo,gtca_ca,1500,3,0.43777814431292533,0.04053075454882151,0.04586486641647266,0.32153926774172564,0.03584353393695968,0.040560776975733875,0.9426901936531067,0.005162556668818432,0.005841982825600078,0.8746659755706787,0.023664606185798704,0.026779022833209234
lumo,gtca_ca,2000,3,0.425052684501325,0.01833904408943548,0.020752582001763338,0.31377642683217105,0.012323841372712644,0.013945739342612347,0.9469919800758362,0.0029298980786542964,0.0033154917910420815,0.8823721210161845,0.010054427787836768,0.011377656116116214
lumo,gtca_ca,2500,3,0.3741684476214336,0.014386699830873128,0.01628008343940569,0.26480610704395835,0.009421364410031675,0.010661277465400082,0.957598070303599,0.0026985321500605118,0.0030536765959784202,0.9088727434476217,0.006981087909096994,0.00789984464776504
lumo,gtca_ca,3000,3,0.37640710021213664,0.052857884906382206,0.059814327595808285,0.2670379279259377,0.04092203176612555,0.046307638269679645,0.958949347337087,0.0042488992499511045,0.004808082126408983,0.906658669312795,0.026800778455051685,0.0303279358448106
lumo,gtca_cat,50,10,1.1028209945818277,0.06463478480791313,0.04006105466929943,0.8209183864908304,0.05419269136282433,0.033588978099247616,0.6926889657974243,0.02871893326559148,0.017800179253570705,0.2067014098167419,0.09360929045271524,0.05801963932463557
lumo,gtca_cat,75,10,1.109528206215442,0.061459896138285945,0.03809323828465661,0.8217032409984616,0.05091214166933166,0.031555672333522015,0.6948466837406159,0.03343867327799758,0.020725504420565494,0.1972866475582123,0.09049219970251186,0.05608764646159479
lumo,gtca_cat,100,10,1.1828492084671431,0.06139415417758723,0.038052490995260584,0.875704594662137,0.05397470480672733,0.03345386863200135,0.6696946442127227,0.02048906840303286,0.012699256164560234,0.08799635171890255,0.09445870052547671,0.05854610914212903
lumo,gtca_cat,125,10,0.8980238433006404,0.05114715977637812,0.03170133806541304,0.6545443879067688,0.035693528139633224,0.022123077943116493,0.762913727760315,0.01478194960717321,0.009161947287233725,0.47407002449035646,0.05956282708543989,0.03691742270387669
lumo,gtca_cat,150,10,0.7858352480550513,0.03618745403222848,0.022429216383039307,0.5910636357330311,0.025046490561809926,0.015523975683569018,0.7840015232563019,0.012657153228417291,0.007844984847528208,0.597674834728241,0.038025943313376,0.023568723845156743
lumo,gtca_cat,175,10,0.7604839518127599,0.045737610547216305,0.028348464716336976,0.5720715578918193,0.03761648421440479,0.023314938466316593,0.7946183681488037,0.02724238451690494,0.016885004857634986,0.6227079331874847,0.04767399923191606,0.029548650857426636
lumo,gtca_cat,200,10,0.7062883029109733,0.02852853348204376,0.017682168245095994,0.5257609201447111,0.023574878144272424,0.014611860857377593,0.8275314033031463,0.006202824896110016,0.0038445507013853708,0.6751466274261475,0.02743865072677354,0.01700665191481401
lumo,gtca_cat,225,10,0.7184397313184366,0.03519669024872606,0.021815134627940883,0.5266433458047916,0.026801223005344103,0.016611570119898136,0.8214291274547577,0.01485795669199043,0.0092090569664748,0.6636403799057007,0.0334127069895151,0.02070941034822431
lumo,gtca_cat,250,10,0.7063315358077324,0.012858872385921847,0.007970011676667518,0.5221479882096962,0.012586475491322259,0.00780117833222718,0.8263882517814636,0.006836979473582569,0.004237603780658625,0.6754864454269409,0.011731431226124397,0.007271216406082285
lumo,gtca_cat,275,10,0.7184345301262458,0.020004407242709635,0.012398860065192117,0.5277586021820108,0.015304725163920332,0.009485966934252894,0.8210292100906372,0.01195463096225976,0.007409557035792207,0.6641360342502594,0.01895160857229716,0.011746328688836448
lumo,gtca_cat,300,10,0.7137409773536729,0.025072549561534457,0.015540127218933362,0.5208302016102436,0.02480234019792252,0.015372649720246167,0.8250109195709229,0.012531016436135863,0.0077668044536982625,0.6683733344078064,0.023329102675719963,0.014459527643747905
lumo,gtca_cat,325,10,0.6422721112334872,0.020683185415013062,0.012819571135087186,0.47166099561472974,0.015553129842561957,0.009639929749179035,0.856683361530304,0.008958167046983701,0.005552329459631688,0.7315092265605927,0.017269833306884915,0.010703953579994019
lumo,gtca_cat,350,10,0.6423360050944737,0.01881316809941877,0.011660522394765739,0.4693497404446,0.018728825004800068,0.01160824600312091,0.8584771513938904,0.00893130325347113,0.0055356791079096196,0.7314990580081939,0.016005130748509424,0.009920082813160732
lumo,gtca_cat,375,10,0.6483699979907903,0.03149908855843207,0.01952333735654305,0.4791647735975371,0.027370349465895047,0.01696431835473228,0.8608326017856598,0.008894182720476753,0.005512671563194175,0.7260612726211548,0.027001674623894575,0.01673581132025434
lumo,gtca_cat,400,10,0.6165049307335381,0.02460786979166346,0.015252115713675898,0.4492828210593987,0.01977916045937901,0.012259250662485678,0.8708350777626037,0.009352105513286352,0.005796495050679781,0.7524964213371277,0.020474888289879638,0.012690467239371788
lumo,gtca_cat,425,10,0.6127807265654696,0.017222092178736752,0.010674363322203242,0.4485378266630082,0.012590207965574736,0.007803491743736549,0.873427402973175,0.0068018136507232655,0.00421580777783686,0.7556541800498963,0.013880723728255837,0.008603361700355184
lumo,gtca_cat,450,10,0.6224152362906484,0.031375864738636974,0.019446962441765473,0.4543001139344518,0.023177650592256082,0.014365656669883643,0.8717852532863617,0.006222328822815819,0.0038566393604000057,0.747513222694397,0.026418735109930445,0.016374501666215655
lumo,gtca_cat,475,10,0.6109700296145681,0.029076317713969485,0.01802168842958139,0.44401449949298666,0.02804730426402684,0.017383899285607175,0.8750630915164948,0.00945106059572035,0.005857828046201848,0.756773841381073,0.023386743394435187,0.01449525373134131
lumo,gtca_cat,500,10,0.6019164356653846,0.028712069503427654,0.017795925049706653,0.433639399751784,0.026303414897296967,0.01630302545790902,0.8788238108158112,0.0078019385609197625,0.004835691619371749,0.7639266550540924,0.02273688582367759,0.014092467835994894
lumo,gtca_cat,600,3,0.5441923482380364,0.007620130362719667,0.00862298925970543,0.4006703068114691,0.013203024985686668,0.014940629258022965,0.9004952907562256,0.0027780502112523192,0.0031436597530860935,0.8074037830034891,0.005371341458013206,0.0060782450559189105
lumo,gtca_cat,700,3,0.5471665630528235,0.04189991274159179,0.04741421476474451,0.4004367307295203,0.03308123094479646,0.037434936878560726,0.9063855012257894,0.0056418909050017715,0.006384400576172897,0.804557204246521,0.030361100240715044,0.03435681921786528
lumo,gtca_cat,800,3,0.49239847623669747,0.00935973792314555,0.010591540530565966,0.3631510512831868,0.011887602109388022,0.0134520881446337,0.9188307722409567,0.004468969983877536,0.005057115605456423,0.8423027594884237,0.006020354982157854,0.006812672996349245
lumo,gtca_cat,900,3,0.4657898809440057,0.00703101859194568,0.00795634653440472,0.3428666692191242,0.007836332861370261,0.008867645418464395,0.9282200137774149,0.0014207028396642717,0.0016076766071605206,0.8588983416557312,0.004244560361263048,0.004803172211646998
lumo,gtca_cat,1000,3,0.4351517562802905,0.017480396894316037,0.019780931230850726,0.32220847794792395,0.01870425564909151,0.02116585778662934,0.9367404381434122,0.005501694656206671,0.006225753585889692,0.8767364621162415,0.010004833152342102,0.011321534502855928
lumo,gtca_cat,1500,3,0.4375923471600252,0.040061194901496344,0.04533350965445647,0.32310351776072666,0.032872713277478684,0.03719897692510157,0.9360900719960531,0.012486925971841777,0.014130286939539806,0.8747881650924683,0.02292453836549759,0.025941557256881152
lumo,gtca_cat,2000,3,0.39473015711272236,0.0151134930270544,0.017102527364428164,0.289022992324636,0.011108986241182905,0.012571001345670765,0.9490131934483846,0.0037524219811742713,0.0042462652082503076,0.8985829552014669,0.007719097815797759,0.0087349814756297
lumo,gtca_cat,2500,3,0.3798282511729932,0.01734920855482487,0.01963247764953599,0.2769138389855281,0.013055720000878901,0.014773937975664755,0.955228348573049,0.0037624434407545764,0.004257605557327577,0.9060570398966471,0.008661584858993644,0.009801505965899583
lumo,gtca_cat,3000,3,0.36113994664201393,0.021674768318644504,0.024527309313848666,0.2551115313393979,0.01739205957131044,0.019680968139505855,0.9579824407895406,0.0042145982680696845,0.004769266911408479,0.9149882793426514,0.010006955761910694,0.011323936461699319
