dataset,target,train_size,seed,n_models,best_single_rmse,best_single_model,all_ensemble_rmse,all_ens_improvement_pct,cross_fam_rmse,top3,top5,fam_GNN,fam_Transformer,fam_3D,fam_Tree,fam_Other
qm9,lumo,500,7,15,0.4093702,attentivefp,0.44409078,-8.481459,0.37979137897491455,0.33615216612815857,0.3460230529308319,0.3840959668159485,0.51736486,,0.761520504951477,0.5440945029258728
qm9,homo,50,5,15,0.45611122,xgb,0.55370426,-21.396765,0.5176798105239868,0.4611143469810486,0.48258844017982483,0.6008333563804626,0.60612404,,0.4611143469810486,0.5611175298690796
qm9,lumo,100,7,15,0.82192373,attentivefp,1.1359644,-38.208008,1.0196822881698608,0.8380796313285828,0.9089807271957397,1.0624306201934814,1.19147,,1.1020703315734863,1.3079400062561035
qm9,gap,3000,0,14,0.43372738,unimol_pt,0.52331716,-20.655775,0.5056751370429993,0.4514545798301697,0.4645388424396515,0.5256894826889038,0.5326527,,0.6159803867340088,0.7197753190994263
qm9,lumo,325,4,3,0.5905879,selformer,0.49714696,15.821686,,0.49714696407318115,,,0.49714696,,,
qm9,gap,500,5,15,0.5744143,unimol_pt,0.6017636,-4.761244,0.6168367862701416,0.5278555750846863,0.5425757169723511,0.5548838973045349,0.7261148,,0.7702672481536865,0.6761246919631958
qm9,homo,200,5,15,0.35926518,gcn,0.43092465,-19.946121,0.39108994603157043,0.37225934863090515,0.37133875489234924,0.3989517092704773,0.49651688,,0.45442354679107666,0.46572214365005493
qm9,gap,500,6,15,0.50578547,attentivefp,0.63287604,-25.127377,0.5951732993125916,0.5435370206832886,0.5813712477684021,0.6350113749504089,0.7066081,,0.7711067199707031,0.6898924112319946
qm9,lumo,1000,1,14,0.2720322,unimol_pt,0.32721117,-20.283987,0.2839583158493042,0.27285975217819214,0.2734431028366089,0.32176104187965393,0.3621604,,0.5991769433021545,0.5467444658279419
qm9,homo,100,7,15,0.45174235,attentivefp,0.5447105,-20.57991,0.49831894040107727,0.44794103503227234,0.469827800989151,0.5156539082527161,0.5878618,,0.5046078562736511,0.5910073518753052
qm9,homo,500,0,15,0.36701262,attentivefp,0.42443085,-15.644762,0.39363911747932434,0.3658307194709778,0.3757425844669342,0.3816511332988739,0.42083824,,0.47828537225723267,0.5296205282211304
qm9,homo,1000,0,14,0.32060176,attentivefp,0.40791708,-27.234827,0.37060976028442383,0.323195219039917,0.3448025584220886,0.3787553012371063,0.38237157,,0.492475301027298,0.5124684572219849
qm9,gap,100,3,15,0.7705323,krovex,0.9188518,-19.248957,0.8652684092521667,0.7585231065750122,0.7894949913024902,0.8169441819190979,0.93076104,,0.9916874766349792,1.130384087562561
qm9,lumo,50,1,15,0.73572826,krovex,1.1022124,-49.812435,0.8731188178062439,0.7512904405593872,0.8293428421020508,0.8540430665016174,1.1950369,,1.1698403358459473,1.3604753017425537
qm9,lumo,200,9,15,0.4202978,attentivefp,0.5088309,-21.064371,0.4363758862018585,0.38915467262268066,0.3925677239894867,0.41117390990257263,0.60699517,,0.8064292669296265,0.6562997698783875
qm9,homo,50,6,15,0.45611122,xgb,0.5305977,-16.330763,0.47288405895233154,0.44484710693359375,0.44192251563072205,0.5072715282440186,0.6225938,,0.4611525237560272,0.5616223812103271
qm9,homo,100,1,15,0.48053133,xgb,0.5642427,-17.42059,0.502943217754364,0.47724467515945435,0.49361345171928406,0.5828914642333984,0.60476613,,0.5026454329490662,0.582347571849823
qm9,lumo,500,5,15,0.4157183,unimol_pt,0.43898267,-5.596193,0.394888699054718,0.38016000390052795,0.361836314201355,0.40346047282218933,0.47886994,,0.7612451910972595,0.5726775527000427
qm9,gap,200,2,15,0.5403204,attentivefp,0.62918377,-16.446424,0.5869081616401672,0.5313668251037598,0.5472130179405212,0.5812693238258362,0.7517244,,0.8072052597999573,0.7294373512268066
qm9,gap,50,4,15,0.84161496,attentivefp,0.9920937,-17.879759,0.9250099062919617,0.7592237591743469,0.788913905620575,0.7738873362541199,1.0969226,,1.1176044940948486,1.182069182395935
qm9,lumo,50,2,15,0.7160066,krovex,1.0753145,-50.18221,0.8992359042167664,0.7409709692001343,0.8012025356292725,0.7819334268569946,1.1906161,,1.1657915115356445,1.3807460069656372
qm9,gap,100,0,15,0.78813374,krovex,0.9118686,-15.699727,0.8668971061706543,0.7746784090995789,0.7942095398902893,0.7956959009170532,0.94233584,,0.9928224086761475,1.131817102432251
qm9,homo,50,2,15,0.45611122,xgb,0.54733175,-19.999628,0.5118390917778015,0.4615956246852875,0.47635534405708313,0.559992253780365,0.6151569,,0.4615956246852875,0.5693474411964417
qm9,homo,500,6,15,0.34438768,gcn,0.44307935,-28.657145,0.4023899435997009,0.3577802777290344,0.37990841269493103,0.40151751041412354,0.4456205,,0.47857576608657837,0.5312346816062927
qm9,lumo,250,0,3,0.6247195,molformer,0.6138903,1.7334489,,0.6138902902603149,,,0.61389023,,,
qm9,gap,500,1,15,0.53340536,attentivefp,0.61209536,-14.752384,0.5866028070449829,0.5377318859100342,0.5322482585906982,0.5702184438705444,0.7022801,,0.7714633345603943,0.6806527376174927
qm9,lumo,100,2,15,0.67605233,krovex,1.05827,-56.536697,0.9296264052391052,0.7933899164199829,0.8600103259086609,0.8588283658027649,1.1150184,,1.1004788875579834,1.2969083786010742
qm9,gap,500,2,15,0.56103826,attentivefp,0.6147823,-9.579388,0.583067774772644,0.5196232795715332,0.5568584203720093,0.6110876202583313,0.69218427,,0.7722950577735901,0.6887565851211548
qm9,lumo,250,8,3,0.5676734,molformer,0.580546,-2.2676096,,0.5805460214614868,,,0.580546,,,
qm9,lumo,50,6,15,0.66027844,krovex,1.0967155,-66.09893,0.8670129776000977,0.7419760227203369,0.8147517442703247,0.8096091151237488,1.2239279,,1.1665388345718384,1.3739323616027832
qm9,lumo,200,5,15,0.45200077,gps,0.52692294,-16.575676,0.44352492690086365,0.38975799083709717,0.3830815851688385,0.4398825466632843,0.59184426,,0.8087374567985535,0.6470568180084229
qm9,gap,1000,0,14,0.45403582,attentivefp,0.52196383,-14.96094,0.5060173869132996,0.4356054663658142,0.4500577449798584,0.4671453535556793,0.5948169,,0.6855006217956543,0.6900728940963745
qm9,gap,100,4,15,0.856493,attentivefp,0.9296993,-8.547219,0.893801212310791,0.8089128732681274,0.8408836722373962,0.8468495607376099,0.93922406,,0.9913738369941711,1.1169774532318115
qm9,homo,200,8,15,0.4247388,attentivefp,0.4579869,-7.8278894,0.4116363227367401,0.4026406407356262,0.40566831827163696,0.4392668306827545,0.5125601,,0.454006165266037,0.48796287178993225
qm9,lumo,100,0,15,0.90109694,attentivefp,1.1177633,-24.044724,1.035232424736023,0.9248221516609192,0.9667600989341736,1.0172497034072876,1.1452647,,1.100386142730713,1.3303613662719727
qm9,homo,50,1,15,0.45611122,xgb,0.553508,-21.353725,0.528317928314209,0.4604269564151764,0.48670080304145813,0.5709203481674194,0.6268216,,0.4604269564151764,0.5728585720062256
qm9,lumo,500,0,15,0.4157183,unimol_pt,0.44873187,-7.941337,0.36939769983291626,0.3452249765396118,0.35513654351234436,0.3876117169857025,0.50152147,,0.7600370049476624,0.5854299664497375
qm9,lumo,200,3,15,0.46451345,attentivefp,0.50207955,-8.087189,0.41611215472221375,0.40111663937568665,0.3867138922214508,0.4142831861972809,0.61686295,,0.809375524520874,0.6424301862716675
qm9,lumo,300,9,3,0.6254633,chemberta2,0.6197505,0.91336733,,0.6197504997253418,,,0.6197505,,,
qm9,gap,50,8,15,0.8557283,attentivefp,0.94847775,-10.838653,0.8998572826385498,0.843727171421051,0.8638033270835876,0.7771897315979004,1.0169164,,1.117950439453125,1.1765848398208618
qm9,gap,200,5,15,0.5127753,attentivefp,0.6520878,-27.168339,0.5850849747657776,0.5319915413856506,0.5618747472763062,0.6125845313072205,0.7680093,,0.8076229691505432,0.7480218410491943
qm9,lumo,800,2,3,0.41974446,selformer,0.4407236,-4.9980774,,0.44072359800338745,,,0.4407236,,,
qm9,gap,100,7,15,0.77808553,krovex,0.9361315,-20.312153,0.8362671136856079,0.7821722626686096,0.8184147477149963,0.8895083069801331,0.94949156,,0.9921813607215881,1.0821040868759155
qm9,lumo,50,5,15,0.70388585,krovex,1.0769391,-52.999123,0.8754509687423706,0.7440324425697327,0.810169517993927,0.8390346765518188,1.108613,,1.167599081993103,1.389994502067566
qm9,homo,200,3,15,0.35224855,gcn,0.43807256,-24.36462,0.399377703666687,0.3726204037666321,0.37506231665611267,0.3935888111591339,0.50749105,,0.45448869466781616,0.4697721600532532
qm9,lumo,100,1,15,0.99963176,krovex,1.1459951,-14.64173,1.0473743677139282,0.9805370569229126,0.9969794154167175,1.0884380340576172,1.201854,,1.0991899967193604,1.3008511066436768
qm9,homo,500,3,15,0.35777533,attentivefp,0.43131796,-20.555532,0.3862268924713135,0.36026960611343384,0.3751268684864044,0.395810604095459,0.4225194,,0.4792022407054901,0.5203834176063538
qm9,lumo,200,8,15,0.5098528,attentivefp,0.5363535,-5.197715,0.4461452066898346,0.43496912717819214,0.4116169810295105,0.4731307625770569,0.6045343,,0.8096035122871399,0.6609593629837036
qm9,lumo,500,6,15,0.39331177,attentivefp,0.45883197,-16.658592,0.37278297543525696,0.31178954243659973,0.33234450221061707,0.36732298135757446,0.536166,,0.7627177834510803,0.5737313032150269
qm9,lumo,50,0,15,0.84133255,krovex,1.0793484,-28.290346,0.8317241072654724,0.7034981846809387,0.7791208624839783,0.7913047075271606,1.1940812,,1.1657837629318237,1.3789293766021729
qm9,lumo,200,0,15,0.5021112,gcn,0.49260294,1.8936614,0.4441496729850769,0.4134576618671417,0.3976747691631317,0.4444100558757782,0.60945374,,0.8062149286270142,0.6586183905601501
qm9,homo,50,7,15,0.45611122,xgb,0.55038726,-20.669533,0.4784127175807953,0.44410011172294617,0.4471529722213745,0.5655961036682129,0.6421247,,0.4593365788459778,0.556466817855835
qm9,gap,100,1,15,0.7854777,krovex,0.9369454,-19.283514,0.8636679649353027,0.8100307583808899,0.8360698819160461,0.88797527551651,0.93576276,,0.9918914437294006,1.1134247779846191
qm9,lumo,350,1,3,0.4846615,chemberta2,0.48931286,-0.9597171,,0.4893128573894501,,,0.48931286,,,
qm9,lumo,200,4,15,0.5157908,unimol_pt,0.53323823,-3.3826523,0.44679027795791626,0.42413273453712463,0.44435256719589233,0.46328258514404297,0.7078152,,0.8060555458068848,0.638428807258606
qm9,lumo,375,4,3,0.52075166,chemberta2,0.47615,8.564858,,0.4761500060558319,,,0.47615,,,
qm9,lumo,50,7,15,0.6683515,krovex,1.1111287,-66.24915,0.8794326782226562,0.7311834692955017,0.8133325576782227,0.8615589737892151,1.230453,,1.1668434143066406,1.3678653240203857
qm9,lumo,2000,2,3,0.32654473,selformer,0.34449628,-5.497425,,0.3444962501525879,,,0.34449628,,,
qm9,gap,50,5,15,0.7735556,krovex,0.97189766,-25.64031,0.8714940547943115,0.764560341835022,0.8038609027862549,0.8205667734146118,0.9717251,,1.119626760482788,1.198808193206787
qm9,lumo,475,2,3,0.4973058,selformer,0.4869056,2.0913074,,0.48690560460090637,,,0.4869056,,,
qm9,homo,100,4,15,0.43523368,gcn,0.5487305,-26.077206,0.49978330731391907,0.44223058223724365,0.4660269320011139,0.49695396423339844,0.6317335,,0.5042277574539185,0.5861529111862183
qm9,lumo,100,9,15,0.7738064,krovex,1.1223317,-45.04037,0.9956246018409729,0.8642395734786987,0.9288672804832458,1.018510341644287,1.180494,,1.1005796194076538,1.3111621141433716
qm9,homo,200,2,15,0.3719673,gcn,0.43006963,-15.620284,0.40744197368621826,0.37874647974967957,0.3854641020298004,0.3916360139846802,0.48411626,,0.45328202843666077,0.4825226664543152
qm9,homo,50,0,15,0.45611122,xgb,0.53409225,-17.096931,0.47242024540901184,0.4358503222465515,0.4466767907142639,0.5213423371315002,0.6067345,,0.4607844054698944,0.5636807680130005
qm9,homo,200,4,15,0.35300997,gcn,0.43403342,-22.952173,0.39186814427375793,0.37072309851646423,0.37853267788887024,0.3931675851345062,0.5116858,,0.4540427029132843,0.45995721220970154
qm9,gap,100,6,15,0.69306964,krovex,0.9113091,-31.488827,0.8326454758644104,0.7438745498657227,0.7790032029151917,0.7774175405502319,0.9579296,,0.9906885623931885,1.1250284910202026
qm9,lumo,225,5,3,0.59055966,molformer,0.59490573,-0.7359294,,0.5949057340621948,,,0.59490573,,,
qm9,homo,100,3,15,0.42876154,gcn,0.5278688,-23.114777,0.49306654930114746,0.42498403787612915,0.45637276768684387,0.46516016125679016,0.59259593,,0.5040943026542664,0.5829283595085144
qm9,lumo,200,7,15,0.43448767,attentivefp,0.543572,-25.10643,0.4235191345214844,0.37893760204315186,0.39057087898254395,0.47404804825782776,0.6379318,,0.8083829879760742,0.6454591155052185
qm9,homo,100,8,15,0.41657788,attentivefp,0.5547202,-33.16123,0.49249228835105896,0.4411390721797943,0.4653315842151642,0.5215160846710205,0.6178708,,0.5025494694709778,0.5950673818588257
qm9,lumo,50,3,15,0.81892395,krovex,1.1103971,-35.592216,0.9446684718132019,0.861741304397583,0.8761501312255859,0.8801499605178833,1.197877,,1.1614248752593994,1.3706964254379272
qm9,homo,500,4,15,0.3573028,gcn,0.43964225,-23.044716,0.3993479907512665,0.3635503649711609,0.3798622786998749,0.3946521580219269,0.454474,,0.48100924491882324,0.5239339470863342
qm9,homo,50,8,15,0.45611122,xgb,0.55744463,-22.216822,0.531396210193634,0.46146610379219055,0.4797171354293823,0.5641047954559326,0.641603,,0.46146610379219055,0.583672821521759
qm9,homo,200,7,15,0.3927849,gcn,0.44112206,-12.306262,0.4118175208568573,0.3909260928630829,0.39313986897468567,0.4162951409816742,0.47870612,,0.45457854866981506,0.4797990322113037
qm9,homo,500,9,15,0.3561348,gcn,0.44732904,-25.606665,0.4038480222225189,0.3626365661621094,0.3790447413921356,0.40142330527305603,0.47429383,,0.47904065251350403,0.5229582786560059
qm9,lumo,100,4,15,0.8685669,attentivefp,1.1265656,-29.703943,1.0188097953796387,0.9279491305351257,0.9499987959861755,1.0269476175308228,1.2068219,,1.1009531021118164,1.286684513092041
qm9,lumo,500,4,15,0.40047303,attentivefp,0.44660658,-11.519764,0.3749082088470459,0.33611002564430237,0.33407917618751526,0.3667530119419098,0.4890239,,0.761046290397644,0.5447874665260315
qm9,lumo,500,9,15,0.4157183,unimol_pt,0.44401637,-6.8070364,0.38723114132881165,0.3387722671031952,0.34718412160873413,0.37593668699264526,0.5263487,,0.7604460716247559,0.5641100406646729
qm9,gap,100,2,15,0.79822487,krovex,0.89204186,-11.753205,0.8335793614387512,0.7623166441917419,0.7820377945899963,0.7776504158973694,0.8931984,,0.9928755760192871,1.0992426872253418
qm9,gap,200,8,15,0.53145945,attentivefp,0.6515404,-22.594564,0.6050146222114563,0.523658275604248,0.5650966763496399,0.6726282835006714,0.75866604,,0.8085286021232605,0.7656369805335999
qm9,lumo,200,1,15,0.5129281,gps,0.5166421,-0.72406954,0.4405822455883026,0.3966797888278961,0.4103938043117523,0.4394204318523407,0.6369256,,0.8072144389152527,0.628855288028717
qm9,lumo,250,4,3,0.63727665,chemberta2,0.6265477,1.6835605,,0.626547634601593,,,0.62654763,,,
qm9,homo,500,2,15,0.3680445,gcn,0.43117842,-17.153889,0.39381861686706543,0.35568222403526306,0.370675265789032,0.41339606046676636,0.41690537,,0.4788440763950348,0.5153002738952637
qm9,gap,50,1,15,0.8450533,attentivefp,0.9764634,-15.550504,0.9123206734657288,0.7856053113937378,0.8104639053344727,0.8017596006393433,1.0430461,,1.1161401271820068,1.1611168384552002
qm9,homo,50,4,15,0.45611122,xgb,0.5610358,-23.004171,0.5202955603599548,0.4644607901573181,0.47815167903900146,0.5997529029846191,0.6414932,,0.46088090538978577,0.5537331700325012
qm9,lumo,100,6,15,0.9688029,attentivefp,1.1012635,-13.672601,1.0294142961502075,0.9393842220306396,0.9483570456504822,0.9740006923675537,1.1593062,,1.1011160612106323,1.3016024827957153
qm9,lumo,50,4,15,0.74692875,krovex,1.0898616,-45.912395,0.870613694190979,0.7056565284729004,0.7728567123413086,0.7516695857048035,1.2992966,,1.1693447828292847,1.3702436685562134
qm9,lumo,275,9,3,0.56711626,chemberta2,0.576122,-1.5879889,,0.576121985912323,,,0.576122,,,
qm9,gap,3000,2,14,0.43372738,unimol_pt,0.5101087,-17.61045,0.4834766983985901,0.41495177149772644,0.44384104013442993,0.46110260486602783,0.55809814,,0.6154881119728088,0.6918317079544067
qm9,gap,50,9,15,0.7185155,krovex,1.0174708,-41.60736,0.854915976524353,0.7827622294425964,0.8248633742332458,0.8240928649902344,1.1039928,,1.1182403564453125,1.1779602766036987
qm9,gap,100,9,15,0.72969115,krovex,0.9229925,-26.490856,0.8441329002380371,0.7430992126464844,0.7960618138313293,0.8276428580284119,0.9456956,,0.9927142858505249,1.1157803535461426
qm9,lumo,100,8,15,0.8616061,krovex,1.0790877,-25.241417,0.9923911094665527,0.8938389420509338,0.9233574867248535,0.9361814260482788,1.1250719,,1.0993362665176392,1.2847247123718262
qm9,homo,100,5,15,0.4570714,attentivefp,0.5395648,-18.048246,0.49039697647094727,0.4532039165496826,0.4681691825389862,0.54475998878479,0.5358499,,0.503631055355072,0.5881739258766174
qm9,gap,500,8,15,0.5588239,attentivefp,0.6102816,-9.208219,0.5971883535385132,0.5396331548690796,0.5562182664871216,0.5768046379089355,0.6897406,,0.7690908312797546,0.6862145662307739
qm9,lumo,500,1,15,0.38900617,attentivefp,0.42226318,-8.549223,0.43527400493621826,0.3399706780910492,0.3551569879055023,0.3772761821746826,0.47291124,,0.7608544230461121,0.5259811878204346
qm9,homo,1000,2,14,0.33936548,attentivefp,0.40280342,-18.6931,0.3654170632362366,0.3341292440891266,0.34727898240089417,0.38112226128578186,0.37535578,,0.4937156140804291,0.47512438893318176
qm9,gap,100,5,15,0.7336558,krovex,0.9124318,-24.367825,0.7973718047142029,0.6924211978912354,0.7397593259811401,0.8240490555763245,0.88571644,,0.9913662672042847,1.1871426105499268
qm9,lumo,325,8,3,0.55535686,selformer,0.50961506,8.23647,,0.5096150636672974,,,0.50961506,,,
qm9,lumo,3000,2,14,0.2361928,unimol_pt,0.28909105,-22.396217,0.24391287565231323,0.23276135325431824,0.244131937623024,0.26616063714027405,0.30857667,,0.5166535973548889,0.5250003337860107
qm9,lumo,50,8,15,0.8338406,krovex,1.1404153,-36.766586,0.9699060320854187,0.8611167073249817,0.9183750152587891,0.9710354208946228,1.1908531,,1.1636321544647217,1.3884198665618896
qm9,lumo,500,3,15,0.4157183,unimol_pt,0.43912795,-5.6311355,0.39158788323402405,0.35165730118751526,0.3550242483615875,0.37525826692581177,0.4887396,,0.7630524039268494,0.561602771282196
qm9,homo,200,1,15,0.3861969,gcn,0.45048797,-16.647215,0.41693076491355896,0.391101211309433,0.3968944549560547,0.41407373547554016,0.52076036,,0.45305654406547546,0.4798693060874939
qm9,lumo,325,0,3,0.5998994,chemberta2,0.5502448,8.277155,,0.5502448081970215,,,0.5502448,,,
qm9,lumo,100,3,15,0.9083925,krovex,1.1048491,-21.626848,1.0331377983093262,0.9312654733657837,0.947676420211792,0.9706551432609558,1.164886,,1.0999447107315063,1.3103621006011963
qm9,homo,50,3,15,0.45611122,xgb,0.5635782,-23.561573,0.5249083638191223,0.4599851965904236,0.48047158122062683,0.6157757043838501,0.6315804,,0.4599851965904236,0.5585724711418152
qm9,homo,50,9,15,0.43674928,attentivefp,0.5458865,-24.988525,0.4773634672164917,0.43615564703941345,0.44197067618370056,0.5294560194015503,0.6627976,,0.4619039297103882,0.5539608597755432
qm9,homo,500,8,15,0.36966047,attentivefp,0.44825345,-21.260855,0.3981083035469055,0.37207385897636414,0.3832018971443176,0.39562156796455383,0.48426288,,0.4792986214160919,0.5273617506027222
qm9,lumo,100,5,15,0.86132336,krovex,1.1063362,-28.446096,1.0015531778335571,0.9115291833877563,0.9301120638847351,1.0370490550994873,1.0787417,,1.101889967918396,1.3352850675582886
qm9,lumo,225,1,3,0.61219597,chemberta2,0.5578993,8.86917,,0.5578992962837219,,,0.5578993,,,
qm9,homo,100,0,15,0.41609728,attentivefp,0.5400109,-29.779968,0.4813011586666107,0.42785292863845825,0.454811155796051,0.515828013420105,0.56833684,,0.506152331829071,0.5867377519607544
qm9,lumo,500,2,15,0.4157183,unimol_pt,0.43229473,-3.9874206,0.3832436501979828,0.33111265301704407,0.3407128155231476,0.35939717292785645,0.51367676,,0.7610377073287964,0.5460438132286072
qm9,homo,200,6,15,0.37707812,gcn,0.4287832,-13.712038,0.4024023711681366,0.38422784209251404,0.38851824402809143,0.4069579541683197,0.44796434,,0.4531840682029724,0.4677041471004486
qm9,homo,200,0,15,0.3598612,gcn,0.42933983,-19.307058,0.4125165045261383,0.36678847670555115,0.37713563442230225,0.4011937081813812,0.45422482,,0.4539075493812561,0.4953674077987671
qm9,lumo,375,0,3,0.5630691,selformer,0.5648494,-0.31617188,,0.5648493766784668,,,0.5648494,,,
qm9,lumo,475,6,3,0.5442539,selformer,0.5320868,2.235552,,0.5320867896080017,,,0.5320868,,,
qm9,lumo,3000,0,14,0.2361928,unimol_pt,0.29477185,-24.801378,0.24836114048957825,0.25045204162597656,0.24157041311264038,0.2625216245651245,0.31535122,,0.5162206292152405,0.5303677320480347
qm9,gap,50,2,15,0.80954576,krovex,0.99170715,-22.501684,0.8862790465354919,0.8063814640045166,0.8345529437065125,0.8242120742797852,1.0351439,,1.1135036945343018,1.1810566186904907
qm9,lumo,375,8,3,0.5611571,molformer,0.5144157,8.329471,,0.5144156813621521,,,0.5144157,,,
qm9,homo,3000,1,14,0.2987322,attentivefp,0.40066507,-34.12183,0.3656459450721741,0.3196676969528198,0.3330531418323517,0.36391007900238037,0.36812773,,0.48777368664741516,0.5007273554801941
qm9,lumo,350,5,3,0.58020854,molformer,0.52165896,10.091129,,0.5216589570045471,,,0.52165896,,,
qm9,gap,100,8,15,0.7652082,krovex,0.8969671,-17.2187,0.8269653916358948,0.7334240078926086,0.7710701823234558,0.7691298127174377,0.9296324,,0.9909781813621521,1.0951420068740845
qm9,homo,100,9,15,0.41797665,attentivefp,0.53475046,-27.937881,0.4721502959728241,0.4121982455253601,0.44120973348617554,0.49825772643089294,0.60125095,,0.5026521682739258,0.5625801682472229
qm9,gap,1000,1,14,0.43447432,attentivefp,0.5313953,-22.307638,0.49619919061660767,0.4190142750740051,0.4508957266807556,0.4973224699497223,0.5603418,,0.6847363114356995,0.7299460768699646
qm9,homo,200,9,15,0.36238435,gcn,0.438497,-21.0033,0.3990408778190613,0.37125763297080994,0.37168657779693604,0.3943150043487549,0.5431371,,0.45387980341911316,0.4604339003562927
qm9,lumo,1500,2,3,0.36295903,selformer,0.33077276,8.867745,,0.3307727575302124,,,0.33077276,,,
qm9,homo,500,7,15,0.3566624,attentivefp,0.42699796,-19.720491,0.3843260705471039,0.3605859875679016,0.37421920895576477,0.4081885516643524,0.41036254,,0.47845765948295593,0.5077232718467712
qm9,lumo,50,9,15,0.6814458,krovex,1.134367,-66.464745,0.9179301261901855,0.8185319900512695,0.8888665437698364,0.9188506603240967,1.2262149,,1.1647849082946777,1.3841814994812012
qm9,homo,500,5,15,0.36472875,gcn,0.4307551,-18.102861,0.3946286141872406,0.3727743625640869,0.38335633277893066,0.4131367802619934,0.41717848,,0.47907501459121704,0.5132250189781189
qm9,gap,50,7,15,0.8714884,attentivefp,0.969029,-11.192414,0.8930885195732117,0.8667897582054138,0.801877498626709,0.7952646613121033,1.0476869,,1.115136981010437,1.1771252155303955
qm9,homo,3000,2,14,0.30222985,attentivefp,0.3977585,-31.60795,0.364425390958786,0.30072253942489624,0.3275175988674164,0.348598450422287,0.36674672,,0.487795352935791,0.5121426582336426
qm9,gap,200,1,15,0.64001876,unimol_pt,0.64783597,-1.2214057,0.6023436188697815,0.5862090587615967,0.584876298904419,0.6375052332878113,0.74159724,,0.8071256875991821,0.7363898754119873
qm9,lumo,300,5,3,0.60827225,chemberta2,0.5689609,6.462785,,0.5689609050750732,,,0.5689609,,,
qm9,gap,200,9,15,0.50261885,attentivefp,0.6214558,-23.643559,0.5818531513214111,0.5181041359901428,0.5456176996231079,0.571840226650238,0.72455716,,0.8084815740585327,0.7255855202674866
qm9,lumo,700,2,3,0.44846827,selformer,0.45625478,-1.7362458,,0.456254780292511,,,0.45625478,,,
qm9,gap,200,6,15,0.602064,attentivefp,0.6603145,-9.675134,0.6043971180915833,0.5620366334915161,0.5929557085037231,0.6099231839179993,0.7738343,,0.8080893158912659,0.7424556016921997
qm9,homo,100,2,15,0.4342853,attentivefp,0.5600923,-28.968733,0.488554447889328,0.4462019205093384,0.4689006805419922,0.5441528558731079,0.61477774,,0.5055094361305237,0.5919955372810364
qm9,lumo,1000,2,14,0.2720322,unimol_pt,0.32464018,-19.338877,0.28646236658096313,0.265546590089798,0.2895323932170868,0.2984621524810791,0.3631185,,0.6011227965354919,0.521059513092041
qm9,lumo,275,1,3,0.53373414,chemberta2,0.5429283,-1.7226065,,0.5429282784461975,,,0.5429283,,,
qm9,lumo,225,9,3,0.559738,chemberta2,0.5808398,-3.7699447,,0.5808398127555847,,,0.5808398,,,
qm9,gap,500,0,15,0.5100621,attentivefp,0.6106819,-19.726973,0.5831724405288696,0.5122381448745728,0.5501375794410706,0.5952624678611755,0.69662595,,0.7724943161010742,0.6697445511817932
qm9,lumo,1000,0,13,0.2720322,unimol_pt,0.33081684,-21.609436,0.28621387481689453,0.24973133206367493,0.27674245834350586,0.2949874997138977,0.41137317,,0.6000396609306335,0.5551086664199829
qm9,gap,200,3,15,0.5448643,attentivefp,0.6366133,-16.83888,0.5881898403167725,0.5404654145240784,0.5635640621185303,0.6125852465629578,0.7379924,,0.8105002045631409,0.7504714727401733
qm9,lumo,200,2,15,0.47128677,attentivefp,0.5259359,-11.595725,0.42933860421180725,0.38426831364631653,0.3987186551094055,0.45062440633773804,0.6011505,,0.8087077140808105,0.6640361547470093
qm9,lumo,3000,1,14,0.2361928,unimol_pt,0.29330128,-24.17876,0.24302920699119568,0.23181165754795074,0.24820616841316223,0.2998136878013611,0.28756246,,0.5167333483695984,0.5015975832939148
qm9,gap,50,3,15,0.9158358,transformer,0.9728455,-6.2248797,0.9168160557746887,0.7655993700027466,0.7974442839622498,0.7910740375518799,1.0130396,,1.1149479150772095,1.1886026859283447
qm9,homo,1000,1,14,0.32557303,attentivefp,0.4225615,-29.790085,0.37904199957847595,0.34785550832748413,0.3620273768901825,0.3759182393550873,0.42923424,,0.4934759736061096,0.4975419044494629
qm9,gap,200,4,15,0.5098976,attentivefp,0.6451448,-26.52439,0.6424779891967773,0.5426949858665466,0.5684361457824707,0.5818334817886353,0.75800896,,0.8078402280807495,0.7399992346763611
qm9,gap,500,7,15,0.5355153,attentivefp,0.6293884,-17.529491,0.6072021126747131,0.5429543256759644,0.5647103190422058,0.6209498643875122,0.72972924,,0.7709805965423584,0.6995624303817749
qm9,gap,3000,1,14,0.43372738,unimol_pt,0.5299291,-22.180231,0.5114460587501526,0.46049702167510986,0.4762320816516876,0.5175013542175293,0.5525672,,0.6156815886497498,0.7448675632476807
qm9,lumo,275,5,3,0.6152209,molformer,0.6369008,-3.5239174,,0.636900782585144,,,0.6369008,,,
qm9,homo,100,6,15,0.45010707,attentivefp,0.5457469,-21.248243,0.4992479681968689,0.4544159173965454,0.47811973094940186,0.5215412378311157,0.5847456,,0.5053210258483887,0.5993396639823914
qm9,gap,500,3,15,0.5744143,unimol_pt,0.6038191,-5.1190753,0.5983816385269165,0.552402675151825,0.5500892996788025,0.5846074223518372,0.66616744,,0.7719634175300598,0.6945000290870667
qm9,gap,200,0,15,0.6125359,gps,0.6488431,-5.927361,0.6076476573944092,0.5628800988197327,0.5876621007919312,0.6689974665641785,0.74680924,,0.8088416457176208,0.7258989214897156
qm9,gap,50,0,15,0.7915555,krovex,0.9685717,-22.363077,0.8278436660766602,0.7316269874572754,0.7662926912307739,0.7562838196754456,1.0444952,,1.1153550148010254,1.1680275201797485
qm9,lumo,300,1,3,0.5930496,molformer,0.5837471,1.5685879,,0.5837470889091492,,,0.5837471,,,
qm9,homo,3000,0,14,0.30898204,attentivefp,0.39950997,-29.298761,0.3774256110191345,0.31568166613578796,0.3261944651603699,0.3673677146434784,0.35817888,,0.4869147837162018,0.525911808013916
qm9,gap,200,7,15,0.5665144,attentivefp,0.65155065,-15.010431,0.5934100151062012,0.5529727339744568,0.5715671181678772,0.6106925010681152,0.7778151,,0.808319091796875,0.7449666261672974
qm9,gap,500,4,15,0.54732823,attentivefp,0.633801,-15.79907,0.6193729043006897,0.5423316359519958,0.5798740983009338,0.6437879800796509,0.7009906,,0.7713548541069031,0.6871107816696167
qm9,homo,500,1,15,0.35008007,attentivefp,0.44420415,-26.88644,0.3993612229824066,0.3632691502571106,0.38661453127861023,0.38992780447006226,0.47717902,,0.47882381081581116,0.5203222632408142
qm9,lumo,350,9,3,0.54211575,chemberta2,0.4984764,8.049827,,0.49847638607025146,,,0.4984764,,,
qm9,lumo,2500,0,3,0.35492423,selformer,0.35141948,0.98747236,,0.35141947865486145,,,0.35141948,,,
qm9,gap,1000,2,14,0.42630407,attentivefp,0.53065664,-24.478437,0.5023638010025024,0.4274410605430603,0.46290096640586853,0.5196928977966309,0.6081526,,0.6856138706207275,0.7067990303039551
qm9,lumo,500,8,15,0.3748239,attentivefp,0.42758885,-14.077262,0.3641428053379059,0.33357134461402893,0.33598706126213074,0.364307165145874,0.5161658,,0.7602938413619995,0.5738102793693542
qm9,lumo,200,6,15,0.49895537,attentivefp,0.5222975,-4.6782036,0.4254758954048157,0.40290501713752747,0.4013816714286804,0.43060025572776794,0.65611005,,0.8082418441772461,0.6349586248397827
qm9,lumo,2000,1,3,0.38276124,selformer,0.32071954,16.208982,,0.32071954011917114,,,0.32071954,,,
qm9,gap,500,9,15,0.55413455,attentivefp,0.6062384,-9.402745,0.6120215058326721,0.5192552208900452,0.5539708733558655,0.5654628872871399,0.6873146,,0.7703335285186768,0.6811116933822632
qm9,lumo,275,2,3,0.6024947,molformer,0.5834507,3.1608732,,0.5834506750106812,,,0.5834507,,,
qm9,gap,50,6,15,0.8494512,attentivefp,0.9571594,-12.679745,0.8959859609603882,0.8695359230041504,0.8834648728370667,0.7722881436347961,1.0028723,,1.109679102897644,1.168675422668457
qm9,lumo,700,1,3,0.45988965,chemberta2,0.45808578,0.39224312,,0.4580857753753662,,,0.45808578,,,
qm9,lumo,300,6,3,0.62593704,molformer,0.62588364,0.008534753,,0.6258836388587952,,,0.62588364,,,
qm9,lumo,400,0,2,0.55912143,molformer,0.5335147,4.579812,,,,,0.5335147,,,
qm9,lumo,350,6,3,0.61299235,molformer,0.5637792,8.028352,,0.5637791752815247,,,0.5637792,,,
qm9,lumo,2000,0,3,0.35910743,molformer,0.38105622,-6.112039,,0.3810562193393707,,,0.38105622,,,
qm9,lumo,225,2,3,0.5960559,molformer,0.57357156,3.7721884,,0.5735715627670288,,,0.57357156,,,
qm9,lumo,600,0,3,0.45180607,selformer,0.4496866,0.46911767,,0.44968658685684204,,,0.4496866,,,
qm9,lumo,2500,1,3,0.31564692,selformer,0.28748956,8.920519,,0.28748956322669983,,,0.28748956,,,
qm9,lumo,375,3,3,0.5646856,molformer,0.49127063,13.001031,,0.49127063155174255,,,0.49127063,,,
qm9,lumo,800,1,3,0.41370973,selformer,0.41186118,0.44682035,,0.4118611812591553,,,0.41186118,,,
qm9,lumo,300,2,3,0.64611906,molformer,0.585732,9.346124,,0.5857319831848145,,,0.585732,,,
qm9,lumo,275,6,3,0.59558374,molformer,0.6091849,-2.2836783,,0.6091849207878113,,,0.6091849,,,
qm9,lumo,375,7,3,0.5257547,molformer,0.5144726,2.1458898,,0.5144726037979126,,,0.5144726,,,
qm9,lumo,475,9,3,0.5071179,selformer,0.4919727,2.986522,,0.4919727146625519,,,0.4919727,,,
qm9,lumo,225,6,3,0.62329465,molformer,0.6479802,-3.9604957,,0.6479802131652832,,,0.6479802,,,
qm9,lumo,900,0,3,0.47908363,selformer,0.42088526,12.147852,,0.42088526487350464,,,0.4208853,,,
qm9,lumo,350,2,3,0.5579658,molformer,0.54590863,2.1609197,,0.5459086298942566,,,0.54590863,,,
qm9,lumo,250,3,3,0.5866164,chemberta2,0.63704455,-8.596445,,0.6370445489883423,,,0.63704455,,,
qm9,lumo,325,7,3,0.541526,molformer,0.6010597,-10.993691,,0.6010596752166748,,,0.6010597,,,
qm9,lumo,475,1,3,0.49954984,selformer,0.46837208,6.2411733,,0.46837207674980164,,,0.46837208,,,
qm9,lumo,325,3,3,0.54376197,molformer,0.54131794,0.4494686,,0.5413179397583008,,,0.54131794,,,
qm9,lumo,250,7,3,0.6499013,molformer,0.60599715,6.755505,,0.6059971451759338,,,0.60599715,,,
qm9,lumo,475,5,3,0.5423879,selformer,0.51240593,5.5277705,,0.5124059319496155,,,0.51240593,,,
qm9,lumo,2500,2,3,0.3141226,selformer,0.3184542,-1.378954,,0.31845420598983765,,,0.3184542,,,
qm9,lumo,300,4,3,0.5988418,molformer,0.5803743,3.0838695,,0.5803743004798889,,,0.5803743,,,
qm9,lumo,250,5,3,0.6502354,molformer,0.59147686,9.036507,,0.5914768576622009,,,0.59147686,,,
qm9,lumo,275,0,3,0.6118714,selformer,0.571028,6.675166,,0.5710279941558838,,,0.571028,,,
qm9,lumo,325,1,3,0.4877364,chemberta2,0.48143822,1.2913104,,0.48143821954727173,,,0.48143822,,,
qm9,lumo,1500,1,3,0.36823824,chemberta2,0.33071297,10.19049,,0.3307129740715027,,,0.33071297,,,
qm9,lumo,325,9,3,0.5526313,molformer,0.50355726,8.88007,,0.5035572648048401,,,0.50355726,,,
qm9,lumo,225,8,3,0.5950635,molformer,0.5936187,0.24280295,,0.5936186909675598,,,0.5936187,,,
qm9,lumo,600,2,3,0.4229441,selformer,0.45949888,-8.642929,,0.45949888229370117,,,0.45949888,,,
qm9,lumo,375,9,3,0.5271046,selformer,0.49268022,6.530841,,0.49268022179603577,,,0.49268022,,,
qm9,lumo,475,7,3,0.5648794,selformer,0.54407054,3.6837776,,0.5440705418586731,,,0.54407054,,,
qm9,lumo,375,1,3,0.47723675,chemberta2,0.48415032,-1.4486645,,0.48415032029151917,,,0.48415032,,,
qm9,lumo,325,5,3,0.5085058,chemberta2,0.49287495,3.073879,,0.49287495017051697,,,0.49287495,,,
qm9,lumo,275,4,3,0.60957444,molformer,0.6266316,-2.798212,,0.6266316175460815,,,0.6266316,,,
qm9,lumo,250,9,3,0.6669432,chemberta2,0.6413576,3.836245,,0.6413576006889343,,,0.6413576,,,
qm9,lumo,250,1,3,0.6191535,molformer,0.6694295,-8.120119,,0.6694294214248657,,,0.6694295,,,
qm9,lumo,300,0,3,0.631873,molformer,0.57880074,8.399196,,0.5788007378578186,,,0.57880074,,,
qm9,lumo,900,2,3,0.39017454,selformer,0.4029223,-3.2671926,,0.40292230248451233,,,0.4029223,,,
qm9,lumo,350,8,3,0.47082052,molformer,0.48895344,-3.851346,,0.48895344138145447,,,0.48895344,,,
qm9,lumo,475,3,3,0.49819803,molformer,0.49934453,-0.23012914,,0.49934446811676025,,,0.49934453,,,
qm9,lumo,375,5,3,0.55291915,selformer,0.50970906,7.8149004,,0.5097090601921082,,,0.50970906,,,
qm9,lumo,300,8,3,0.60989773,molformer,0.60390824,0.98204464,,0.6039082407951355,,,0.60390824,,,
qm9,lumo,350,0,3,0.5781993,molformer,0.54067296,6.4902086,,0.540673017501831,,,0.540673,,,
qm9,lumo,225,4,3,0.65550405,molformer,0.6630802,-1.1557773,,0.6630802154541016,,,0.6630802,,,
qm9,lumo,275,8,3,0.6407556,molformer,0.5628108,12.164519,,0.5628107786178589,,,0.5628108,,,
qm9,lumo,225,0,3,0.60417545,chemberta2,0.59209204,1.99999,,0.5920920372009277,,,0.59209204,,,
qm9,lumo,350,4,3,0.57242846,molformer,0.51775944,9.550362,,0.5177594423294067,,,0.51775944,,,
qm9,lumo,250,2,3,0.6249065,chemberta2,0.59321254,5.071783,,0.5932125449180603,,,0.59321254,,,
qm9,lumo,300,3,3,0.5705385,molformer,0.5663669,0.7311765,,0.5663669109344482,,,0.5663669,,,
qm9,lumo,325,6,3,0.6035999,selformer,0.54453206,9.785928,,0.544532060623169,,,0.54453206,,,
qm9,lumo,275,7,3,0.6639501,selformer,0.6235996,6.0773354,,0.6235995888710022,,,0.6235996,,,
qm9,lumo,475,0,3,0.55344534,selformer,0.50119805,9.440363,,0.5011980533599854,,,0.50119805,,,
qm9,lumo,225,7,3,0.5755354,molformer,0.64724106,-12.458946,,0.6472410559654236,,,0.64724106,,,
qm9,lumo,900,1,3,0.40444762,selformer,0.38939005,3.7229922,,0.3893900513648987,,,0.38939005,,,
qm9,lumo,350,3,3,0.55899304,molformer,0.53879875,3.6126287,,0.5387987494468689,,,0.53879875,,,
qm9,lumo,275,3,3,0.591455,molformer,0.5976446,-1.046508,,0.5976446270942688,,,0.5976446,,,
qm9,lumo,325,2,3,0.595878,selformer,0.5343749,10.32142,,0.5343748927116394,,,0.5343749,,,
qm9,lumo,700,0,3,0.44004908,selformer,0.4525053,-2.8306358,,0.45250529050827026,,,0.4525053,,,
qm9,lumo,300,7,3,0.5555557,molformer,0.6468421,-16.431547,,0.6468421220779419,,,0.6468421,,,
qm9,lumo,250,6,3,0.6078114,molformer,0.6168829,-1.4924997,,0.6168829202651978,,,0.6168829,,,
qm9,lumo,350,7,3,0.5287842,molformer,0.5321989,-0.6457665,,0.5321989059448242,,,0.5321989,,,
qm9,lumo,225,3,3,0.5961421,molformer,0.60654664,-1.7453141,,0.6065466403961182,,,0.60654664,,,
qm9,lumo,475,4,3,0.49854365,selformer,0.4777914,4.1625714,,0.4777913987636566,,,0.4777914,,,
qm9,lumo,375,2,3,0.5641773,molformer,0.5238503,7.147922,,0.5238503217697144,,,0.5238503,,,
qm9,lumo,600,1,3,0.4658925,selformer,0.41367468,11.208127,,0.4136746823787689,,,0.41367468,,,
qm9,lumo,1500,0,3,0.35418382,selformer,0.34104508,3.7095819,,0.341045081615448,,,0.34104508,,,
qm9,lumo,800,0,3,0.4494954,selformer,0.4465657,0.6517764,,0.4465656876564026,,,0.4465657,,,
qm9,lumo,475,8,3,0.46725222,molformer,0.46188417,1.1488585,,0.46188417077064514,,,0.46188417,,,
qm9,lumo,375,6,3,0.55364144,selformer,0.5308759,4.111958,,0.5308759212493896,,,0.5308759,,,
