train_size,model_a,model_b,metric,t_stat,p_value,significant_005,target
50,gtca_depth_6,gtca_depth_2,RMSE,-1.9731480126878191,0.06916887309451143,False,homo
50,gtca_depth_6,gtca_depth_4,RMSE,-0.31921235137360343,0.7533581354929164,False,homo
75,gtca_depth_6,gtca_depth_2,RMSE,-4.074945174560527,0.0023997032092526295,True,homo
75,gtca_depth_6,gtca_depth_4,RMSE,-2.2193644446104073,0.05244810277747215,False,homo
100,gtca_depth_6,gtca_depth_2,RMSE,-1.8862352442054022,0.08091950240253162,False,homo
100,gtca_depth_6,gtca_depth_4,RMSE,-1.0342917828841451,0.3147004773388917,False,homo
125,gtca_depth_6,gtca_depth_2,RMSE,-3.356697282197619,0.0069353811813322635,True,homo
125,gtca_depth_6,gtca_depth_4,RMSE,-2.466849287928821,0.032404446161969615,True,homo
150,gtca_depth_6,gtca_depth_2,RMSE,-1.8783112731226932,0.07974343621452755,False,homo
150,gtca_depth_6,gtca_depth_4,RMSE,-3.3010594174035166,0.004036065207336162,True,homo
175,gtca_depth_6,gtca_depth_2,RMSE,-2.934519859136197,0.00909857252660337,True,homo
175,gtca_depth_6,gtca_depth_4,RMSE,-0.8495666551232768,0.4067249377620759,False,homo
200,gtca_depth_6,gtca_depth_2,RMSE,-3.6929804899904837,0.0025749355139492555,True,homo
200,gtca_depth_6,gtca_depth_4,RMSE,-2.8781860748400763,0.011861854585853763,True,homo
225,gtca_depth_6,gtca_depth_2,RMSE,-2.2050748521778645,0.04178476425070756,True,homo
225,gtca_depth_6,gtca_depth_4,RMSE,-1.3220221589475931,0.2032632011693291,False,homo
250,gtca_depth_6,gtca_depth_2,RMSE,-1.3536925603136192,0.19684425092580302,False,homo
250,gtca_depth_6,gtca_depth_4,RMSE,-0.33257010835948314,0.7434825748873426,False,homo
275,gtca_depth_6,gtca_depth_2,RMSE,-3.2146242039651653,0.009069361876701734,True,homo
275,gtca_depth_6,gtca_depth_4,RMSE,-1.5496829816000282,0.14307348470755232,False,homo
300,gtca_depth_6,gtca_depth_2,RMSE,-4.43528282139654,0.0013573972658884094,True,homo
300,gtca_depth_6,gtca_depth_4,RMSE,-0.8817673537393124,0.39588687059907973,False,homo
325,gtca_depth_6,gtca_depth_2,RMSE,-2.2650847689106532,0.038557693656737495,True,homo
325,gtca_depth_6,gtca_depth_4,RMSE,0.7403064478994096,0.46979653834761215,False,homo
350,gtca_depth_6,gtca_depth_2,RMSE,-4.30791144948825,0.0017243289777026797,True,homo
350,gtca_depth_6,gtca_depth_4,RMSE,-1.1631077057153485,0.2696977379386376,False,homo
375,gtca_depth_6,gtca_depth_2,RMSE,-1.7655298581499395,0.10355534771611409,False,homo
375,gtca_depth_6,gtca_depth_4,RMSE,0.47615038554477135,0.6397001655726237,False,homo
400,gtca_depth_6,gtca_depth_2,RMSE,-4.223643790367691,0.0017932158393129142,True,homo
400,gtca_depth_6,gtca_depth_4,RMSE,-0.09795163586048349,0.9230569535799833,False,homo
425,gtca_depth_6,gtca_depth_2,RMSE,-2.2994090433011034,0.04609826513960561,True,homo
425,gtca_depth_6,gtca_depth_4,RMSE,1.1394421411926454,0.27197601465097593,False,homo
450,gtca_depth_6,gtca_depth_2,RMSE,-1.2188438298516955,0.24403134084700534,False,homo
450,gtca_depth_6,gtca_depth_4,RMSE,0.7216241452287224,0.4809500244456676,False,homo
475,gtca_depth_6,gtca_depth_2,RMSE,-0.9067389608971992,0.3874073402817841,False,homo
475,gtca_depth_6,gtca_depth_4,RMSE,1.5093243661915134,0.14858796186009143,False,homo
500,gtca_depth_6,gtca_depth_2,RMSE,-0.5643725893991217,0.5847593336042587,False,homo
500,gtca_depth_6,gtca_depth_4,RMSE,-0.07027677941614346,0.944783791203976,False,homo
600,gtca_depth_6,gtca_depth_2,RMSE,0.6011183988051666,0.5863078651790989,False,homo
600,gtca_depth_6,gtca_depth_4,RMSE,0.23619166585637844,0.8319926540823804,False,homo
700,gtca_depth_6,gtca_depth_2,RMSE,-0.256438091773022,0.8184756605988037,False,homo
700,gtca_depth_6,gtca_depth_4,RMSE,1.7580218570677892,0.1610092925439303,False,homo
800,gtca_depth_6,gtca_depth_2,RMSE,4.135073834088612,0.043601186756342204,True,homo
800,gtca_depth_6,gtca_depth_4,RMSE,1.0927178416766974,0.37981879244071726,False,homo
900,gtca_depth_6,gtca_depth_2,RMSE,3.6462774397622364,0.021968215949831088,True,homo
900,gtca_depth_6,gtca_depth_4,RMSE,1.45613861290748,0.2254398601007126,False,homo
1000,gtca_depth_6,gtca_depth_2,RMSE,2.0983422266505394,0.1141343775612656,False,homo
1000,gtca_depth_6,gtca_depth_4,RMSE,0.18727504798413783,0.8609950025019527,False,homo
1500,gtca_depth_6,gtca_depth_2,RMSE,3.946784114099756,0.033924149738305126,True,homo
1500,gtca_depth_6,gtca_depth_4,RMSE,1.4161972249952703,0.2297994642919753,False,homo
2000,gtca_depth_6,gtca_depth_2,RMSE,4.1771993658573345,0.04532790063839701,True,homo
2000,gtca_depth_6,gtca_depth_4,RMSE,-0.026090644423882977,0.9804773038093945,False,homo
2500,gtca_depth_6,gtca_depth_2,RMSE,3.8537447279153976,0.028209998002133394,True,homo
2500,gtca_depth_6,gtca_depth_4,RMSE,0.8574580976305769,0.45223178117686036,False,homo
3000,gtca_depth_6,gtca_depth_2,RMSE,2.2314504651252927,0.12192484134484,False,homo
3000,gtca_depth_6,gtca_depth_4,RMSE,1.1727718089930776,0.35033098858313433,False,homo
50,gtca_depth_6,gtca_depth_2,MAE,-1.9511850608792358,0.07236839482060327,False,homo
50,gtca_depth_6,gtca_depth_4,MAE,-0.3028225809703806,0.7657060127794947,False,homo
75,gtca_depth_6,gtca_depth_2,MAE,-4.359732280164445,0.0015088162188856748,True,homo
75,gtca_depth_6,gtca_depth_4,MAE,-2.195728169921589,0.054474334332371664,False,homo
100,gtca_depth_6,gtca_depth_2,MAE,-1.727256207217454,0.10500452392853749,False,homo
100,gtca_depth_6,gtca_depth_4,MAE,-1.0315449469316331,0.31596919456050115,False,homo
125,gtca_depth_6,gtca_depth_2,MAE,-3.8457821683858735,0.0031676688749927152,True,homo
125,gtca_depth_6,gtca_depth_4,MAE,-2.888936708563772,0.01589288094942319,True,homo
150,gtca_depth_6,gtca_depth_2,MAE,-2.038555540733527,0.05917049640061566,False,homo
150,gtca_depth_6,gtca_depth_4,MAE,-3.1683846709430146,0.005527469362293576,True,homo
175,gtca_depth_6,gtca_depth_2,MAE,-3.038601524390438,0.007131029982277954,True,homo
175,gtca_depth_6,gtca_depth_4,MAE,-1.0659083431160326,0.30061218556246083,False,homo
200,gtca_depth_6,gtca_depth_2,MAE,-3.7508208868652724,0.0024181265957601474,True,homo
200,gtca_depth_6,gtca_depth_4,MAE,-3.256628080770734,0.005248648892097962,True,homo
225,gtca_depth_6,gtca_depth_2,MAE,-2.624839724330428,0.018246471138768323,True,homo
225,gtca_depth_6,gtca_depth_4,MAE,-1.491195545073943,0.153555364171763,False,homo
250,gtca_depth_6,gtca_depth_2,MAE,-1.3788031573637418,0.1900850345432744,False,homo
250,gtca_depth_6,gtca_depth_4,MAE,-0.26728193767900865,0.792408959037938,False,homo
275,gtca_depth_6,gtca_depth_2,MAE,-3.2513279766034997,0.00815915625726508,True,homo
275,gtca_depth_6,gtca_depth_4,MAE,-1.7672863270486356,0.09687909701069476,False,homo
300,gtca_depth_6,gtca_depth_2,MAE,-4.132232548846908,0.0019487534834327874,True,homo
300,gtca_depth_6,gtca_depth_4,MAE,-0.9243732709019944,0.3716095239814227,False,homo
325,gtca_depth_6,gtca_depth_2,MAE,-2.0999327465636886,0.05275319006593284,False,homo
325,gtca_depth_6,gtca_depth_4,MAE,0.7593904096188555,0.459576983232787,False,homo
350,gtca_depth_6,gtca_depth_2,MAE,-3.7777376771684277,0.0036328791799381628,True,homo
350,gtca_depth_6,gtca_depth_4,MAE,-0.9016092104317354,0.3828706831464734,False,homo
375,gtca_depth_6,gtca_depth_2,MAE,-1.8267734303269092,0.0905286115800363,False,homo
375,gtca_depth_6,gtca_depth_4,MAE,0.060060247823787626,0.9527835226534648,False,homo
400,gtca_depth_6,gtca_depth_2,MAE,-4.164858114277925,0.001571382864141829,True,homo
400,gtca_depth_6,gtca_depth_4,MAE,-0.6420515702477572,0.5290686803874505,False,homo
425,gtca_depth_6,gtca_depth_2,MAE,-2.3901959504124086,0.03813538084306886,True,homo
425,gtca_depth_6,gtca_depth_4,MAE,0.311508832134733,0.7593705342044279,False,homo
450,gtca_depth_6,gtca_depth_2,MAE,-1.0537000306732365,0.3061553123667987,False,homo
450,gtca_depth_6,gtca_depth_4,MAE,0.3691272451364613,0.7173095979453555,False,homo
475,gtca_depth_6,gtca_depth_2,MAE,-0.7114662137388826,0.4936567659478266,False,homo
475,gtca_depth_6,gtca_depth_4,MAE,0.9692577427981267,0.34534093152390904,False,homo
500,gtca_depth_6,gtca_depth_2,MAE,-0.43557443171332144,0.6717991768136655,False,homo
500,gtca_depth_6,gtca_depth_4,MAE,-0.4340591808440986,0.6695729794953922,False,homo
600,gtca_depth_6,gtca_depth_2,MAE,0.5805260936764268,0.5975856894529957,False,homo
600,gtca_depth_6,gtca_depth_4,MAE,0.3061435856039641,0.7846491720797005,False,homo
700,gtca_depth_6,gtca_depth_2,MAE,-0.19406092416734072,0.8600167401744087,False,homo
700,gtca_depth_6,gtca_depth_4,MAE,1.5533810129312629,0.2120265876426439,False,homo
800,gtca_depth_6,gtca_depth_2,MAE,3.3492019637269412,0.041399821930375426,True,homo
800,gtca_depth_6,gtca_depth_4,MAE,1.3707237521616005,0.25217536513147715,False,homo
900,gtca_depth_6,gtca_depth_2,MAE,3.860179591593791,0.018335614767604317,True,homo
900,gtca_depth_6,gtca_depth_4,MAE,1.723184973158378,0.16731033031840706,False,homo
1000,gtca_depth_6,gtca_depth_2,MAE,2.3670656037843854,0.07707106184702399,False,homo
1000,gtca_depth_6,gtca_depth_4,MAE,-0.22818636278410662,0.8344488020373751,False,homo
1500,gtca_depth_6,gtca_depth_2,MAE,5.198654247579401,0.008353316683453578,True,homo
1500,gtca_depth_6,gtca_depth_4,MAE,1.9081191447287824,0.13152157577049386,False,homo
2000,gtca_depth_6,gtca_depth_2,MAE,4.8227163172806655,0.021798366480133398,True,homo
2000,gtca_depth_6,gtca_depth_4,MAE,-0.13546373199996842,0.8999397593622467,False,homo
2500,gtca_depth_6,gtca_depth_2,MAE,3.6308326547634575,0.039245064028920584,True,homo
2500,gtca_depth_6,gtca_depth_4,MAE,1.0987887118456487,0.3503939291487119,False,homo
3000,gtca_depth_6,gtca_depth_2,MAE,2.130597181680373,0.13940243753929285,False,homo
3000,gtca_depth_6,gtca_depth_4,MAE,1.146159421606078,0.3498723809241719,False,homo
50,gtca_depth_6,gtca_depth_2,RMSE,-0.30346130020763945,0.7651205128868782,False,lumo
50,gtca_depth_6,gtca_depth_4,RMSE,-2.097768187794283,0.0538234908793244,False,lumo
75,gtca_depth_6,gtca_depth_2,RMSE,0.13969135824742532,0.8904590141748912,False,lumo
75,gtca_depth_6,gtca_depth_4,RMSE,-2.133898347654039,0.04713526338936279,True,lumo
100,gtca_depth_6,gtca_depth_2,RMSE,2.298309962583363,0.034056281907292575,True,lumo
100,gtca_depth_6,gtca_depth_4,RMSE,-1.1377091641215233,0.27023814672295576,False,lumo
125,gtca_depth_6,gtca_depth_2,RMSE,-3.0945119030962913,0.00855442840070948,True,lumo
125,gtca_depth_6,gtca_depth_4,RMSE,-2.212052374459489,0.04033399487413378,True,lumo
150,gtca_depth_6,gtca_depth_2,RMSE,-5.903833613122733,1.446268859828954e-05,True,lumo
150,gtca_depth_6,gtca_depth_4,RMSE,-1.970928322065011,0.06545319978763418,False,lumo
175,gtca_depth_6,gtca_depth_2,RMSE,-5.9662926140615395,6.02369146252274e-05,True,lumo
175,gtca_depth_6,gtca_depth_4,RMSE,-1.9228264680660645,0.07327619768972321,False,lumo
200,gtca_depth_6,gtca_depth_2,RMSE,-9.372203748398945,7.88000836388567e-08,True,lumo
200,gtca_depth_6,gtca_depth_4,RMSE,-4.088813008726992,0.0007393426798772253,True,lumo
225,gtca_depth_6,gtca_depth_2,RMSE,-5.8324995951674055,3.531476600117049e-05,True,lumo
225,gtca_depth_6,gtca_depth_4,RMSE,-2.5001340786463864,0.022434868410765994,True,lumo
250,gtca_depth_6,gtca_depth_2,RMSE,-15.103148237186959,1.1870989828342649e-11,True,lumo
250,gtca_depth_6,gtca_depth_4,RMSE,-6.598159587843669,9.865807346247842e-06,True,lumo
275,gtca_depth_6,gtca_depth_2,RMSE,-7.533241861801974,1.6732447477541756e-06,True,lumo
275,gtca_depth_6,gtca_depth_4,RMSE,-5.00328695879575,0.00012059244721161794,True,lumo
300,gtca_depth_6,gtca_depth_2,RMSE,-7.808907178853971,3.556548927521811e-07,True,lumo
300,gtca_depth_6,gtca_depth_4,RMSE,-5.40416855352826,3.904496547581028e-05,True,lumo
325,gtca_depth_6,gtca_depth_2,RMSE,-11.967717538875082,7.03608142109841e-10,True,lumo
325,gtca_depth_6,gtca_depth_4,RMSE,-2.7268466809666765,0.01846250238902125,True,lumo
350,gtca_depth_6,gtca_depth_2,RMSE,-11.517994004134012,5.368357273742146e-09,True,lumo
350,gtca_depth_6,gtca_depth_4,RMSE,-3.9888555027081254,0.0017750841721997155,True,lumo
375,gtca_depth_6,gtca_depth_2,RMSE,-6.618906006461892,3.3270275054486795e-06,True,lumo
375,gtca_depth_6,gtca_depth_4,RMSE,-3.116417089487356,0.006147690316405532,True,lumo
400,gtca_depth_6,gtca_depth_2,RMSE,-8.347138684450451,3.148575116628747e-07,True,lumo
400,gtca_depth_6,gtca_depth_4,RMSE,-3.4297495281016364,0.0036759258452501256,True,lumo
425,gtca_depth_6,gtca_depth_2,RMSE,-10.318709358466219,5.582151946719668e-09,True,lumo
425,gtca_depth_6,gtca_depth_4,RMSE,-2.3465502357118226,0.033464438559720304,True,lumo
450,gtca_depth_6,gtca_depth_2,RMSE,-5.893341658452168,1.4594886207045267e-05,True,lumo
450,gtca_depth_6,gtca_depth_4,RMSE,-1.3543187071468765,0.19267838808631532,False,lumo
475,gtca_depth_6,gtca_depth_2,RMSE,-5.8604110100851505,1.827597965045527e-05,True,lumo
475,gtca_depth_6,gtca_depth_4,RMSE,-1.6551703031934397,0.11728020068041749,False,lumo
500,gtca_depth_6,gtca_depth_2,RMSE,-7.31968323718819,9.367993986666119e-07,True,lumo
500,gtca_depth_6,gtca_depth_4,RMSE,-2.4871396004171435,0.022912039528249224,True,lumo
600,gtca_depth_6,gtca_depth_2,RMSE,-6.450115399882679,0.01655433326500224,True,lumo
600,gtca_depth_6,gtca_depth_4,RMSE,-0.6406965983478622,0.5721310480320729,False,lumo
700,gtca_depth_6,gtca_depth_2,RMSE,-3.5796422695445345,0.04022232215787643,True,lumo
700,gtca_depth_6,gtca_depth_4,RMSE,-0.6974403095586922,0.5350358106599489,False,lumo
800,gtca_depth_6,gtca_depth_2,RMSE,-10.634387610959212,0.001457569607233653,True,lumo
800,gtca_depth_6,gtca_depth_4,RMSE,-6.536766441313668,0.0033343605087596735,True,lumo
900,gtca_depth_6,gtca_depth_2,RMSE,-5.276602046501981,0.030246988662073215,True,lumo
900,gtca_depth_6,gtca_depth_4,RMSE,-1.9123830458036446,0.1925368271862426,False,lumo
1000,gtca_depth_6,gtca_depth_2,RMSE,-10.832785864542926,0.006880328888118015,True,lumo
1000,gtca_depth_6,gtca_depth_4,RMSE,-2.0505032892624944,0.12449160295953518,False,lumo
1500,gtca_depth_6,gtca_depth_2,RMSE,-2.880752134650998,0.06846285033119548,False,lumo
1500,gtca_depth_6,gtca_depth_4,RMSE,-0.8118814334788308,0.46746718286173655,False,lumo
2000,gtca_depth_6,gtca_depth_2,RMSE,-10.450931094335402,0.0014490129038518325,True,lumo
2000,gtca_depth_6,gtca_depth_4,RMSE,-1.828593575244055,0.16487793568993003,False,lumo
2500,gtca_depth_6,gtca_depth_2,RMSE,-6.083445915660248,0.006723062443427938,True,lumo
2500,gtca_depth_6,gtca_depth_4,RMSE,-1.053108031786209,0.3795107240950765,False,lumo
3000,gtca_depth_6,gtca_depth_2,RMSE,-4.811365732181094,0.012747936837079997,True,lumo
3000,gtca_depth_6,gtca_depth_4,RMSE,-0.23051008145284088,0.8348848571437307,False,lumo
50,gtca_depth_6,gtca_depth_2,MAE,-0.8596416600432017,0.40157810797749804,False,lumo
50,gtca_depth_6,gtca_depth_4,MAE,-1.992205987720113,0.06588786044106971,False,lumo
75,gtca_depth_6,gtca_depth_2,MAE,-0.4340819387267426,0.6694214916003202,False,lumo
75,gtca_depth_6,gtca_depth_4,MAE,-2.137636045301458,0.046696073909606575,True,lumo
100,gtca_depth_6,gtca_depth_2,MAE,1.5805805570132752,0.13150641530107465,False,lumo
100,gtca_depth_6,gtca_depth_4,MAE,-1.580679326781959,0.13136455503949723,False,lumo
125,gtca_depth_6,gtca_depth_2,MAE,-4.010022946035672,0.0012024750743529712,True,lumo
125,gtca_depth_6,gtca_depth_4,MAE,-1.7362175048143742,0.09966695058385006,False,lumo
150,gtca_depth_6,gtca_depth_2,MAE,-6.5115429073296305,4.1535813647628236e-06,True,lumo
150,gtca_depth_6,gtca_depth_4,MAE,-1.6397321193320817,0.11861853907630804,False,lumo
175,gtca_depth_6,gtca_depth_2,MAE,-5.81734271150374,5.3991543916898174e-05,True,lumo
175,gtca_depth_6,gtca_depth_4,MAE,-1.6217925529390993,0.12369952888558167,False,lumo
200,gtca_depth_6,gtca_depth_2,MAE,-9.659863923789471,5.2695017460180545e-08,True,lumo
200,gtca_depth_6,gtca_depth_4,MAE,-3.9819764636944424,0.0009142562996416312,True,lumo
225,gtca_depth_6,gtca_depth_2,MAE,-6.630249878804151,1.017327790182633e-05,True,lumo
225,gtca_depth_6,gtca_depth_4,MAE,-2.6579250758231647,0.016404871232249787,True,lumo
250,gtca_depth_6,gtca_depth_2,MAE,-13.076912210470583,1.3340604694593414e-10,True,lumo
250,gtca_depth_6,gtca_depth_4,MAE,-5.836141504969884,2.7973460264128078e-05,True,lumo
275,gtca_depth_6,gtca_depth_2,MAE,-7.8849386578311975,1.0984195518069645e-06,True,lumo
275,gtca_depth_6,gtca_depth_4,MAE,-4.071881154915725,0.0010221983838490495,True,lumo
300,gtca_depth_6,gtca_depth_2,MAE,-7.226486381704256,1.1394454188007077e-06,True,lumo
300,gtca_depth_6,gtca_depth_4,MAE,-5.125077328143717,0.00010174017828915721,True,lumo
325,gtca_depth_6,gtca_depth_2,MAE,-11.786957265119247,1.9259295583727338e-09,True,lumo
325,gtca_depth_6,gtca_depth_4,MAE,-2.901307159898849,0.013402875293157082,True,lumo
350,gtca_depth_6,gtca_depth_2,MAE,-9.98775306151128,1.788519610718263e-08,True,lumo
350,gtca_depth_6,gtca_depth_4,MAE,-3.513679474528741,0.003615156874931305,True,lumo
375,gtca_depth_6,gtca_depth_2,MAE,-5.870458882682341,1.4789959391628734e-05,True,lumo
375,gtca_depth_6,gtca_depth_4,MAE,-2.4336900956312815,0.02674573409977898,True,lumo
400,gtca_depth_6,gtca_depth_2,MAE,-8.801524506318891,1.6065908152551355e-07,True,lumo
400,gtca_depth_6,gtca_depth_4,MAE,-3.5516634031866787,0.002935799438666058,True,lumo
425,gtca_depth_6,gtca_depth_2,MAE,-10.629401866072742,5.442965106626018e-09,True,lumo
425,gtca_depth_6,gtca_depth_4,MAE,-1.9026150979206535,0.08058656180716385,False,lumo
450,gtca_depth_6,gtca_depth_2,MAE,-6.184123784912499,8.942605507513409e-06,True,lumo
450,gtca_depth_6,gtca_depth_4,MAE,-1.3274253243708125,0.20121628258724295,False,lumo
475,gtca_depth_6,gtca_depth_2,MAE,-5.70641908841662,5.474897623703322e-05,True,lumo
475,gtca_depth_6,gtca_depth_4,MAE,-1.689675685914317,0.11201888149203686,False,lumo
500,gtca_depth_6,gtca_depth_2,MAE,-6.811311694448139,2.692763957070658e-06,True,lumo
500,gtca_depth_6,gtca_depth_4,MAE,-2.580349867834708,0.019000179626915758,True,lumo
600,gtca_depth_6,gtca_depth_2,MAE,-5.81993604321891,0.007156461750091606,True,lumo
600,gtca_depth_6,gtca_depth_4,MAE,-0.7604443629564248,0.4918304310171165,False,lumo
700,gtca_depth_6,gtca_depth_2,MAE,-3.45202471726516,0.03966444801340378,True,lumo
700,gtca_depth_6,gtca_depth_4,MAE,-0.8831929401344232,0.4414127874604445,False,lumo
800,gtca_depth_6,gtca_depth_2,MAE,-10.356797578969738,0.0012309522025293713,True,lumo
800,gtca_depth_6,gtca_depth_4,MAE,-4.190627965919351,0.014947633391245834,True,lumo
900,gtca_depth_6,gtca_depth_2,MAE,-4.158768042335889,0.04703820919197305,True,lumo
900,gtca_depth_6,gtca_depth_4,MAE,-2.000924816683882,0.17799080255652355,False,lumo
1000,gtca_depth_6,gtca_depth_2,MAE,-6.716487343655968,0.01513252535896231,True,lumo
1000,gtca_depth_6,gtca_depth_4,MAE,-1.9371310640982649,0.12792835890374316,False,lumo
1500,gtca_depth_6,gtca_depth_2,MAE,-2.3060408643254537,0.11771005529941792,False,lumo
1500,gtca_depth_6,gtca_depth_4,MAE,-0.991784660116071,0.3801119269872907,False,lumo
2000,gtca_depth_6,gtca_depth_2,MAE,-10.06248358485577,0.007622821830675172,True,lumo
2000,gtca_depth_6,gtca_depth_4,MAE,-2.1986439627425485,0.11871643422817946,False,lumo
2500,gtca_depth_6,gtca_depth_2,MAE,-5.344290270194769,0.009791151540047737,True,lumo
2500,gtca_depth_6,gtca_depth_4,MAE,-1.5190956386636478,0.23241176163982685,False,lumo
3000,gtca_depth_6,gtca_depth_2,MAE,-5.1646543831494185,0.013839057291236667,True,lumo
3000,gtca_depth_6,gtca_depth_4,MAE,-0.40442986421688565,0.7152328996534542,False,lumo
50,gtca_depth_6,gtca_depth_2,RMSE,-1.7197235272358666,0.10564343977544793,False,gap
50,gtca_depth_6,gtca_depth_4,RMSE,-2.6695718011384324,0.015871738169931277,True,gap
75,gtca_depth_6,gtca_depth_2,RMSE,-1.9267071037589578,0.07328245323292266,False,gap
75,gtca_depth_6,gtca_depth_4,RMSE,-3.9329309168390205,0.0010252868748397673,True,gap
100,gtca_depth_6,gtca_depth_2,RMSE,-1.9054424624138673,0.0737089428238378,False,gap
100,gtca_depth_6,gtca_depth_4,RMSE,-2.1624239570955837,0.04637728997830542,True,gap
125,gtca_depth_6,gtca_depth_2,RMSE,-3.6984337909166105,0.002307197899068532,True,gap
125,gtca_depth_6,gtca_depth_4,RMSE,-1.3207861379058088,0.2104120809598799,False,gap
150,gtca_depth_6,gtca_depth_2,RMSE,-9.800529364923106,1.2882209433898315e-07,True,gap
150,gtca_depth_6,gtca_depth_4,RMSE,-1.983411364518104,0.06799706752483443,False,gap
175,gtca_depth_6,gtca_depth_2,RMSE,-7.40036851114708,8.532106857629662e-07,True,gap
175,gtca_depth_6,gtca_depth_4,RMSE,-0.9962749874437795,0.33355970925348044,False,gap
200,gtca_depth_6,gtca_depth_2,RMSE,-3.496096690265867,0.003566844077164425,True,gap
200,gtca_depth_6,gtca_depth_4,RMSE,0.25498754456883566,0.803859074667172,False,gap
225,gtca_depth_6,gtca_depth_2,RMSE,-5.5046663149801915,3.4293736855232496e-05,True,gap
225,gtca_depth_6,gtca_depth_4,RMSE,-1.4234409768452487,0.17412898168223673,False,gap
250,gtca_depth_6,gtca_depth_2,RMSE,-5.529801148125351,3.5777027898214724e-05,True,gap
250,gtca_depth_6,gtca_depth_4,RMSE,-1.0915767197529138,0.28949933535887035,False,gap
275,gtca_depth_6,gtca_depth_2,RMSE,-8.98851718274427,5.137071363416508e-08,True,gap
275,gtca_depth_6,gtca_depth_4,RMSE,-2.404972669939619,0.027370213089774643,True,gap
300,gtca_depth_6,gtca_depth_2,RMSE,-4.583682602068923,0.00038406199857350014,True,gap
300,gtca_depth_6,gtca_depth_4,RMSE,0.07195772352057353,0.943472332816314,False,gap
325,gtca_depth_6,gtca_depth_2,RMSE,-7.265613104549967,1.365574028956688e-06,True,gap
325,gtca_depth_6,gtca_depth_4,RMSE,-1.9418689571790682,0.06804253349803506,False,gap
350,gtca_depth_6,gtca_depth_2,RMSE,-3.7817253900629786,0.001406502611418583,True,gap
350,gtca_depth_6,gtca_depth_4,RMSE,1.422873981877045,0.1748960238803964,False,gap
375,gtca_depth_6,gtca_depth_2,RMSE,-3.8314733705694657,0.0012332578928487693,True,gap
375,gtca_depth_6,gtca_depth_4,RMSE,0.4027773344023175,0.6929016419100594,False,gap
400,gtca_depth_6,gtca_depth_2,RMSE,-9.464409036127043,2.5557080244165367e-08,True,gap
400,gtca_depth_6,gtca_depth_4,RMSE,-0.4487585679178352,0.6589960088849405,False,gap
425,gtca_depth_6,gtca_depth_2,RMSE,-6.862330300430144,3.4444629569574552e-06,True,gap
425,gtca_depth_6,gtca_depth_4,RMSE,-2.418210951826058,0.0313748619772227,True,gap
450,gtca_depth_6,gtca_depth_2,RMSE,-3.831058314030687,0.002491944910910783,True,gap
450,gtca_depth_6,gtca_depth_4,RMSE,0.43483863427526265,0.6702084277807646,False,gap
475,gtca_depth_6,gtca_depth_2,RMSE,-4.518997648003598,0.0005160376727155104,True,gap
475,gtca_depth_6,gtca_depth_4,RMSE,-0.9038438601376911,0.3807137818531206,False,gap
500,gtca_depth_6,gtca_depth_2,RMSE,-4.45174060387203,0.00030887348850397483,True,gap
500,gtca_depth_6,gtca_depth_4,RMSE,-1.0393249822354742,0.3124193275848833,False,gap
600,gtca_depth_6,gtca_depth_2,RMSE,-5.783424145362404,0.022383998001743184,True,gap
600,gtca_depth_6,gtca_depth_4,RMSE,-0.0520208669553419,0.9628777561325677,False,gap
700,gtca_depth_6,gtca_depth_2,RMSE,-1.7075895537158177,0.21928380921996748,False,gap
700,gtca_depth_6,gtca_depth_4,RMSE,-0.47114758382672245,0.662302720309407,False,gap
800,gtca_depth_6,gtca_depth_2,RMSE,-2.48259315066565,0.11786898980683207,False,gap
800,gtca_depth_6,gtca_depth_4,RMSE,-0.19647470933593014,0.8538825335083976,False,gap
900,gtca_depth_6,gtca_depth_2,RMSE,0.5644467919035824,0.603725132338194,False,gap
900,gtca_depth_6,gtca_depth_4,RMSE,0.421618420864838,0.7070600514932317,False,gap
1000,gtca_depth_6,gtca_depth_2,RMSE,-0.1507689096512237,0.8909602698180559,False,gap
1000,gtca_depth_6,gtca_depth_4,RMSE,-0.29667662678888,0.7831443212570167,False,gap
1500,gtca_depth_6,gtca_depth_2,RMSE,-0.40906526142388755,0.7085302119208202,False,gap
1500,gtca_depth_6,gtca_depth_4,RMSE,1.7293170993448173,0.1600793715140385,False,gap
2000,gtca_depth_6,gtca_depth_2,RMSE,-2.4023148208747496,0.07564038865696551,False,gap
2000,gtca_depth_6,gtca_depth_4,RMSE,0.8817741999373477,0.43132162128153206,False,gap
2500,gtca_depth_6,gtca_depth_2,RMSE,-1.5486191109699359,0.22804520077746804,False,gap
2500,gtca_depth_6,gtca_depth_4,RMSE,1.3660087140953758,0.25688054957225176,False,gap
3000,gtca_depth_6,gtca_depth_2,RMSE,0.6684901443336246,0.5690261320966464,False,gap
3000,gtca_depth_6,gtca_depth_4,RMSE,1.121065231818154,0.37144424534427595,False,gap
50,gtca_depth_6,gtca_depth_2,MAE,-1.7450538450782895,0.10318137125050993,False,gap
50,gtca_depth_6,gtca_depth_4,MAE,-2.5418062743005736,0.02089987947694499,True,gap
75,gtca_depth_6,gtca_depth_2,MAE,-2.168233264468602,0.04831468198724968,True,gap
75,gtca_depth_6,gtca_depth_4,MAE,-3.153747876082172,0.005753152188404722,True,gap
100,gtca_depth_6,gtca_depth_2,MAE,-2.1854250769278334,0.04367383445306389,True,gap
100,gtca_depth_6,gtca_depth_4,MAE,-1.9307934324217455,0.07144902664286007,False,gap
125,gtca_depth_6,gtca_depth_2,MAE,-3.8574953859351404,0.0019914111893127814,True,gap
125,gtca_depth_6,gtca_depth_4,MAE,-0.6131356476127674,0.5515942636800288,False,gap
150,gtca_depth_6,gtca_depth_2,MAE,-10.602609405241648,4.675386657279195e-08,True,gap
150,gtca_depth_6,gtca_depth_4,MAE,-1.8855713645489551,0.08011943173299416,False,gap
175,gtca_depth_6,gtca_depth_2,MAE,-4.9779941728871,0.00010873205333878848,True,gap
175,gtca_depth_6,gtca_depth_4,MAE,0.042136413514932636,0.9668973325955118,False,gap
200,gtca_depth_6,gtca_depth_2,MAE,-2.8579061137780166,0.012379708441157596,True,gap
200,gtca_depth_6,gtca_depth_4,MAE,0.790730794848848,0.4463563434280133,False,gap
225,gtca_depth_6,gtca_depth_2,MAE,-4.75128683226118,0.00016928784235060814,True,gap
225,gtca_depth_6,gtca_depth_4,MAE,-0.9567406145483324,0.35268614279291954,False,gap
250,gtca_depth_6,gtca_depth_2,MAE,-4.849998576676128,0.00014291001486996295,True,gap
250,gtca_depth_6,gtca_depth_4,MAE,-0.46374474899780166,0.6484145877108863,False,gap
275,gtca_depth_6,gtca_depth_2,MAE,-6.566364263475156,3.7409800519964318e-06,True,gap
275,gtca_depth_6,gtca_depth_4,MAE,-1.7502420219141903,0.09849986777563584,False,gap
300,gtca_depth_6,gtca_depth_2,MAE,-3.267516930216704,0.004778982846299282,True,gap
300,gtca_depth_6,gtca_depth_4,MAE,0.6971887227227244,0.49541490581145214,False,gap
325,gtca_depth_6,gtca_depth_2,MAE,-4.8807736273219335,0.0001439305068246148,True,gap
325,gtca_depth_6,gtca_depth_4,MAE,-1.3215195690968324,0.20291105654627364,False,gap
350,gtca_depth_6,gtca_depth_2,MAE,-2.4848454267941578,0.02313666984318195,True,gap
350,gtca_depth_6,gtca_depth_4,MAE,1.5459684677951397,0.1438483790950352,False,gap
375,gtca_depth_6,gtca_depth_2,MAE,-2.2437881239180064,0.037749596739658026,True,gap
375,gtca_depth_6,gtca_depth_4,MAE,1.1190642558726769,0.2804797834802849,False,gap
400,gtca_depth_6,gtca_depth_2,MAE,-6.35959866129255,5.571608038195669e-06,True,gap
400,gtca_depth_6,gtca_depth_4,MAE,0.5347002035797278,0.5994407044028489,False,gap
425,gtca_depth_6,gtca_depth_2,MAE,-5.042665644034033,0.0001705928068140668,True,gap
425,gtca_depth_6,gtca_depth_4,MAE,-1.4721876821153814,0.16554378444661452,False,gap
450,gtca_depth_6,gtca_depth_2,MAE,-2.0069205188336334,0.07233571242043402,False,gap
450,gtca_depth_6,gtca_depth_4,MAE,1.0571650320998662,0.30920864695434563,False,gap
475,gtca_depth_6,gtca_depth_2,MAE,-3.755339658686476,0.001954812500173671,True,gap
475,gtca_depth_6,gtca_depth_4,MAE,-1.0695390434930498,0.30140504004138724,False,gap
500,gtca_depth_6,gtca_depth_2,MAE,-2.696897305057979,0.014755333065374245,True,gap
500,gtca_depth_6,gtca_depth_4,MAE,-0.39039300744586725,0.7008474460546219,False,gap
600,gtca_depth_6,gtca_depth_2,MAE,-3.688937514654331,0.04112881298715157,True,gap
600,gtca_depth_6,gtca_depth_4,MAE,0.47249353522480536,0.6739143949246427,False,gap
700,gtca_depth_6,gtca_depth_2,MAE,-0.6351462540979288,0.5863358884465562,False,gap
700,gtca_depth_6,gtca_depth_4,MAE,-0.22312019302634106,0.8345089106210491,False,gap
800,gtca_depth_6,gtca_depth_2,MAE,-1.7173593836443481,0.22233245521246292,False,gap
800,gtca_depth_6,gtca_depth_4,MAE,-0.11715341339972656,0.9124251115399639,False,gap
900,gtca_depth_6,gtca_depth_2,MAE,2.189021960681596,0.10641808712061475,False,gap
900,gtca_depth_6,gtca_depth_4,MAE,0.44066523983454886,0.6948225812823603,False,gap
1000,gtca_depth_6,gtca_depth_2,MAE,0.19337296377240715,0.8609470040769812,False,gap
1000,gtca_depth_6,gtca_depth_4,MAE,-0.4111838294641588,0.7031230654945854,False,gap
1500,gtca_depth_6,gtca_depth_2,MAE,1.3073594931139245,0.3083635231495288,False,gap
1500,gtca_depth_6,gtca_depth_4,MAE,2.0222226615352885,0.11433678561836445,False,gap
2000,gtca_depth_6,gtca_depth_2,MAE,-1.4017664083159085,0.23739321890385276,False,gap
2000,gtca_depth_6,gtca_depth_4,MAE,1.2209192332674401,0.2946066142693206,False,gap
2500,gtca_depth_6,gtca_depth_2,MAE,-0.19803328261971642,0.858782091239651,False,gap
2500,gtca_depth_6,gtca_depth_4,MAE,1.451807238976362,0.23952063383739602,False,gap
3000,gtca_depth_6,gtca_depth_2,MAE,0.7646746927854359,0.5222634347519496,False,gap
3000,gtca_depth_6,gtca_depth_4,MAE,1.081348168963141,0.3834557505378525,False,gap
